Date,B_EU_1Y,B_EU_LT
1927-12-31,100,100
1928-01-31,100.2436,100
1928-02-29,100.56378,100
1928-03-31,100.84968,100.25
1928-04-30,101.06449,100.079575
1928-05-31,101.38163,99.82937606
1928-06-30,101.68801,99.49993912
1928-07-31,102.00588,98.51488972
1928-08-31,102.32373,98.12083017
1928-09-30,102.58783,98.39556849
1928-10-31,102.99623,98.42508716
1928-11-30,103.38237,99.29122793
1928-12-31,103.43406,98.80470091
1929-01-31,103.77942,98.54780869
1929-02-28,104.13985,98.05506964
1929-03-31,104.48674,97.40790619
1929-04-30,104.84899,98.54757869
1929-05-31,105.29859,98.8727857
1929-06-30,105.83487,98.79368747
1929-07-31,106.17831,99.53464012
1929-08-31,106.59559,99.28580352
1929-09-30,106.96004,99.7028039
1929-10-31,107.43975,100.7895645
1929-11-30,107.83169,103.3193825
1929-12-31,108.21568,103.5570171
1930-01-31,108.35561,103.3809702
1930-02-28,108.66594,103.9805798
1930-03-31,109.03268,105.457104
1930-04-30,109.25119,105.1829156
1930-05-31,109.52224,106.1295618
1930-06-30,109.80623,107.0847279
1930-07-31,110.0131,107.5023583
1930-08-31,110.09979,107.8356156
1930-09-30,110.33012,108.4394951
1930-10-31,110.41464,109.1335078
1930-11-30,110.54791,109.7446555
1930-12-31,110.6914,109.898298
1931-01-31,110.84094,109.8213692
1931-02-28,110.87497,108.6352984
1931-03-31,111.00746,108.6461619
1931-04-30,111.08017,108.4831927
1931-05-31,111.16626,109.1449402
1931-06-30,111.23974,109.1449402
1931-07-31,111.29392,108.6756169
1931-08-31,111.32129,108.1213713
1931-09-30,111.33866,107.1915275
1931-10-31,111.44154,103.439824
1931-11-30,111.61684,103.2019124
1931-12-31,111.74508,100.2812983
1932-01-31,111.99215,98.52637558
1932-02-29,112.23865,100.7038085
1932-03-31,112.41015,103.2314741
1932-04-30,112.52762,106.2148637
1932-05-31,112.58523,106.4697793
1932-06-30,112.59874,107.4067134
1932-07-31,112.61563,109.9092898
1932-08-31,112.64164,111.9865754
1932-09-30,112.66519,113.1848318
1932-10-31,112.67409,114.011081
1932-11-30,112.68366,114.7521531
1932-12-31,112.68457,116.5767123
1933-01-31,112.68547,117.9872905
1933-02-28,112.64434,117.2321719
1933-03-31,112.68038,116.2943145
1933-04-30,112.77943,116.4454971
1933-05-31,112.81665,117.7729758
1933-06-30,112.83199,118.8093779
1933-07-31,112.84226,119.0469967
1933-08-31,112.85963,119.0827108
1933-09-30,112.86539,119.4161424
1933-10-31,112.8637,119.2489598
1933-11-30,112.87284,116.9951544
1933-12-31,112.88424,116.4686763
1934-01-31,112.92612,117.6915974
1934-02-28,112.94283,120.3985041
1934-03-31,112.95526,122.421199
1934-04-30,112.95108,123.7433479
1934-05-31,112.94712,125.1787707
1934-06-30,112.94294,126.3930048
1934-07-31,112.93899,127.4041489
1934-08-31,112.93504,126.9582343
1934-09-30,112.9303,125.8156102
1934-10-31,112.9321,128.3822487
1934-11-30,112.93018,129.088351
1934-12-31,112.93244,130.4308699
1935-01-31,112.93572,132.5699362
1935-02-28,112.94385,133.6039817
1935-03-31,112.94667,133.951352
1935-04-30,112.94995,134.7550601
1935-05-31,112.95322,135.2132273
1935-06-30,112.95559,135.6729523
1935-07-31,112.95932,136.256346
1935-08-31,112.9626,134.8801569
1935-09-30,112.96542,134.8936449
1935-10-31,112.96825,135.7164962
1935-11-30,112.98395,135.9607858
1935-12-31,112.98723,136.5590133
1936-01-31,112.9905,137.3920233
1936-02-29,112.99287,138.6835083
1936-03-31,113.00101,139.8623181
1936-04-30,113.00858,140.6875058
1936-05-31,113.01547,141.5034933
1936-06-30,113.03876,141.8431017
1936-07-31,113.04203,142.5523172
1936-08-31,113.05006,143.9778404
1936-09-30,113.05108,144.1938072
1936-10-31,113.06204,144.640808
1936-11-30,113.06012,146.6802434
1936-12-31,113.05198,147.1202841
1937-01-31,113.05345,147.9000216
1937-02-28,113.06148,148.1662416
1937-03-31,113.06611,144.9806674
1937-04-30,113.09381,144.2702622
1937-05-31,113.15421,144.9483324
1937-06-30,113.17967,144.8613634
1937-07-31,113.20445,146.1940879
1937-08-31,113.22109,145.2145876
1937-09-30,113.25132,145.6502313
1937-10-31,113.25891,145.8250116
1937-11-30,113.27103,146.7728742
1937-12-31,113.26412,147.0810972
1938-01-31,113.25664,147.7870865
1938-02-28,113.25076,148.7477025
1938-03-31,113.23139,148.9261998
1938-04-30,113.23399,150.5494954
1938-05-31,113.2246,151.5130121
1938-06-30,113.21474,151.6796764
1938-07-31,113.19731,152.2560592
1938-08-31,113.19086,152.9564371
1938-09-30,113.20014,152.3293157
1938-10-31,113.20071,154.2334321
1938-11-30,113.1192,154.1408921
1938-12-31,113.10993,154.9732529
1939-01-31,113.09251,155.3761834
1939-02-28,113.09138,156.448279
1939-03-31,113.06955,158.0753411
1939-04-30,113.05394,159.4347891
1939-05-31,113.04976,161.7784805
1939-06-30,113.05191,161.7299469
1939-07-31,113.04196,162.3930397
1939-08-31,113.02421,160.9315023
1939-09-30,113.0241,154.8804778
1939-10-31,113.01528,158.4272408
1939-11-30,113.00636,160.3758958
1939-12-31,112.99743,162.1721059
1940-01-31,112.98816,162.6586222
1940-02-29,112.97867,163.1628639
1940-03-31,112.96737,165.2350323
1940-04-30,112.95709,165.0037033
1940-05-31,112.92852,162.941157
1940-06-30,112.92185,165.7437449
1940-07-31,112.92389,167.4011823
1940-08-31,112.90571,168.3218888
1940-09-30,112.89633,170.122933
1940-10-31,112.88696,171.6370271
1940-11-30,112.87759,174.6406751
1940-12-31,112.86732,176.0028724
1941-01-31,112.84825,176.0556732
1941-02-28,112.8285,174.7352557
1941-03-31,112.83008,177.0417611
1941-04-30,112.81124,178.3872784
1941-05-31,112.80481,178.2980848
1941-06-30,112.79826,179.9919166
1941-07-31,112.81947,182.0078261
1941-08-31,112.81575,180.8975783
1941-09-30,112.81417,180.7890398
1941-10-31,112.8074,181.6749061
1941-11-30,112.80164,181.0753789
1941-12-31,112.79928,178.0333125
1942-01-31,112.80807,178.6920358
1942-02-28,112.80932,178.0844829
1942-03-31,112.81022,179.8831361
1942-04-30,112.80661,179.4334283
1942-05-31,112.82409,180.4203122
1942-06-30,112.8409,180.7631107
1942-07-31,112.85806,180.7992634
1942-08-31,112.87927,181.3235812
1942-09-30,112.8997,181.6862284
1942-10-31,112.9242,182.3766361
1942-11-30,112.94555,182.5772504
1942-12-31,112.96599,183.5814252
1943-01-31,112.98802,184.5911231
1943-02-28,113.00643,184.7757142
1943-03-31,113.03107,184.7941918
1943-04-30,113.05277,185.4779303
1943-05-31,113.06973,186.664989
1943-06-30,113.09268,187.187651
1943-07-31,113.11428,187.2063698
1943-08-31,113.13634,187.2250904
1943-09-30,113.15716,187.5808181
1943-10-31,113.17787,187.5995762
1943-11-30,113.19994,187.4682565
1943-12-31,113.22224,187.6744715
1944-01-31,113.24409,188.1061228
1944-02-29,113.2647,189.1971383
1944-03-31,113.28112,189.613372
1944-04-30,113.30117,189.8598694
1944-05-31,113.31851,190.2775611
1944-06-30,113.33981,190.5439497
1944-07-31,113.36169,190.9822008
1944-08-31,113.38413,191.9180136
1944-09-30,113.39966,192.167507
1944-10-31,113.42269,192.4173248
1944-11-30,113.44435,192.8406429
1944-12-31,113.46023,193.0913357
1945-01-31,113.47793,196.2773428
1945-02-28,113.492,198.0634666
1945-03-31,113.5088,199.6677807
1945-04-30,113.52991,202.5429967
1945-05-31,113.55262,203.2316429
1945-06-30,113.56851,204.8168497
1945-07-31,113.59157,204.9602215
1945-08-31,113.61417,206.0055186
1945-09-30,113.63451,207.2415517
1945-10-31,113.65849,209.0238291
1945-11-30,113.6744,210.6124102
1945-12-31,113.6977,209.0749396
1946-01-31,113.72044,210.5384642
1946-02-28,113.74,211.2332411
1946-03-31,113.76139,211.9303108
1946-04-30,113.7838,209.4083401
1946-05-31,113.80644,209.5549259
1946-06-30,113.82601,210.4560121
1946-07-31,113.85117,210.0351001
1946-08-31,113.8728,209.2579702
1946-09-30,113.89501,208.6720479
1946-10-31,113.91779,209.4024001
1946-11-30,113.9392,208.2716271
1946-12-31,113.96233,210.3335162
1947-01-31,113.98501,211.2379503
1947-02-28,114.0045,211.7660452
1947-03-31,114.02673,211.9142814
1947-04-30,114.04863,211.6811757
1947-05-31,114.06938,212.0198656
1947-06-30,114.09265,211.405008
1947-07-31,114.11547,211.743256
1947-08-31,114.13556,212.4631831
1947-09-30,114.1981,211.655823
1947-10-31,114.26034,209.8990797
1947-11-30,114.32044,208.1779072
1947-12-31,114.39875,205.3883233
1948-01-31,114.47036,205.9017941
1948-02-29,114.54168,206.7871718
1948-03-31,114.63171,207.4902482
1948-04-30,114.7139,208.195715
1948-05-31,114.78973,210.4025896
1948-06-30,114.88225,209.0349728
1948-07-31,114.96462,209.1812972
1948-08-31,115.05199,209.3277241
1948-09-30,115.08179,210.4162283
1948-10-31,115.11551,210.1847705
1948-11-30,115.14901,211.6560638
1948-12-31,115.1885,212.7566754
1949-01-31,115.28699,214.4374531
1949-02-28,115.37737,215.3595342
1949-03-31,115.4781,216.8670509
1949-04-30,115.57325,217.7995792
1949-05-31,115.67889,218.7143375
1949-06-30,115.77802,221.010838
1949-07-31,115.86659,222.3148019
1949-08-31,115.96056,224.4045611
1949-09-30,116.04915,224.4943229
1949-10-31,116.14107,225.1902553
1949-11-30,116.22666,225.8883451
1949-12-31,116.31906,227.5825077
1950-01-31,116.41572,225.9666719
1950-02-28,116.50315,225.9892685
1950-03-31,116.60241,226.0118675
1950-04-30,116.6908,225.4242366
1950-05-31,116.80014,225.6722033
1950-06-30,116.90163,224.9049178
1950-07-31,117.00498,225.3547276
1950-08-31,117.10619,225.8054371
1950-09-30,117.21381,225.4441484
1950-10-31,117.3384,224.7001827
1950-11-30,117.4507,224.5653626
1950-12-31,117.56873,225.2390587
1951-01-31,117.70476,225.9823476
1951-02-28,117.81646,224.4908641
1951-03-31,117.93063,221.2132975
1951-04-30,118.07038,219.0011645
1951-05-31,118.20568,217.0082539
1951-06-30,118.3311,216.5959382
1951-07-31,118.47878,218.3720249
1951-08-31,118.62498,220.3592103
1951-09-30,118.75689,217.3182532
1951-10-31,118.93016,216.5141757
1951-11-30,119.04623,215.4965591
1951-12-31,119.18087,215.8844529
1952-01-31,119.35333,216.2514564
1952-02-29,119.47889,215.6675775
1952-03-31,119.59562,216.0342124
1952-04-30,119.72311,218.475399
1952-05-31,119.8675,219.5896235
1952-06-30,120.03363,219.1724032
1952-07-31,120.20288,218.3833826
1952-08-31,120.3672,217.0294056
1952-09-30,120.55196,215.3365762
1952-10-31,120.70783,218.372822
1952-11-30,120.82239,218.9405913
1952-12-31,121.00942,218.9186972
1953-01-31,121.19335,217.276807
1953-02-28,121.35115,216.4294275
1953-03-31,121.56242,215.7801392
1953-04-30,121.74719,214.9601747
1953-05-31,121.94455,211.3918358
1953-06-30,122.15636,210.8210778
1953-07-31,122.32225,214.6791035
1953-08-31,122.51381,214.8293789
1953-09-30,122.70015,216.8487751
1953-10-31,122.8415,221.3592296
1953-11-30,122.92381,221.4699092
1953-12-31,123.06873,223.7067553
1954-01-31,123.19069,226.8162792
1954-02-28,123.26559,227.9276789
1954-03-31,123.34942,230.8451532
1954-04-30,123.44661,233.3844499
1954-05-31,123.49723,232.6609581
1954-06-30,123.55774,233.3822071
1954-07-31,123.60803,235.9260732
1954-08-31,123.65735,235.6193693
1954-09-30,123.75244,236.1377319
1954-10-31,123.8262,236.0432768
1954-11-30,123.89282,235.9724638
1954-12-31,123.98313,236.3028252
1955-01-31,124.07091,234.5541843
1955-02-28,124.16422,234.0616206
1955-03-31,124.27485,233.9914021
1955-04-30,124.39191,232.7044494
1955-05-31,124.55201,232.844072
1955-06-30,124.66672,232.7975032
1955-07-31,124.77892,230.7023257
1955-08-31,124.96396,229.6641652
1955-09-30,125.15354,230.0545943
1955-10-31,125.36855,232.2401129
1955-11-30,125.56889,232.402681
1955-12-31,125.78336,231.3336287
1956-01-31,126.04826,231.3104953
1956-02-29,126.27603,232.4670478
1956-03-31,126.45484,230.0261438
1956-04-30,126.67626,225.6786497
1956-05-31,126.9552,227.8225969
1956-06-30,127.19438,229.1667502
1956-07-31,127.45615,226.9667494
1956-08-31,127.65511,222.6770778
1956-09-30,127.87697,221.7195664
1956-10-31,128.18094,222.5177568
1956-11-30,128.43025,219.6472778
1956-12-31,128.72243,217.8022406
1957-01-31,129.05273,218.9783727
1957-02-28,129.34813,222.306844
1957-03-31,129.63412,222.1512292
1957-04-30,129.94757,221.9957233
1957-05-31,130.26673,220.974543
1957-06-30,130.56764,218.543823
1957-07-31,130.94041,217.4511039
1957-08-31,131.25729,218.6688301
1957-09-30,131.58123,220.0683106
1957-10-31,131.94926,220.3984131
1957-11-30,132.30117,226.1287718
1957-12-31,132.60427,236.8925014
1958-01-31,132.95793,239.0008446
1958-02-28,133.10511,239.5027464
1958-03-31,133.21745,240.604459
1958-04-30,133.31231,242.3368111
1958-05-31,133.44468,241.1978281
1958-06-30,133.47097,239.8712401
1958-07-31,133.54705,234.8819183
1958-08-31,133.59353,227.8589489
1958-09-30,133.83453,223.3929135
1958-10-31,134.0674,222.432324
1958-11-30,134.19999,223.4110262
1958-12-31,134.48705,220.9088227
1959-01-31,134.74943,220.864641
1959-02-28,134.98956,221.9247912
1959-03-31,135.26993,221.3699793
1959-04-30,135.52572,219.0013205
1959-05-31,135.80884,215.6287001
1959-06-30,136.12799,215.1327541
1959-07-31,136.45783,214.1216302
1959-08-31,136.69813,213.6291504
1959-09-30,137.10617,209.3138416
1959-10-31,137.50584,212.0349215
1959-11-30,137.84328,212.1197355
1959-12-31,138.2914,209.3833909
1960-01-31,138.73643,210.2837395
1960-02-29,139.11976,215.6039181
1960-03-31,139.58845,221.1880596
1960-04-30,139.84585,222.0064554
1960-05-31,140.21462,222.1174586
1960-06-30,140.53529,227.0484662
1960-07-31,140.70815,232.997136
1960-08-31,140.92724,236.1891968
1960-09-30,141.13553,237.5118563
1960-10-31,141.4257,237.1318373
1960-11-30,141.5981,237.7009537
1960-12-31,141.80384,240.7197558
1961-01-31,142.0554,240.9604756
1961-02-28,142.24476,242.3821424
1961-03-31,142.52043,243.4001474
1961-04-30,142.75502,242.8403271
1961-05-31,142.99485,244.4916413
1961-06-30,143.26768,241.31325
1961-07-31,143.51468,240.7823608
1961-08-31,143.70325,238.6875543
1961-09-30,143.92987,240.1435483
1961-10-31,144.1829,241.608424
1961-11-30,144.39125,241.4634589
1961-12-31,144.64595,239.3385805
1962-01-31,144.98023,239.4582498
1962-02-28,145.25801,242.3317488
1962-03-31,145.53952,246.0151914
1962-04-30,145.85214,246.9008461
1962-05-31,146.18775,246.9996064
1962-06-30,146.45936,245.9128081
1962-07-31,146.83459,246.0357645
1962-08-31,147.16409,248.5453293
1962-09-30,147.45312,249.8626196
1962-10-31,147.81438,251.1619052
1962-11-30,148.09478,252.0912042
1962-12-31,148.42222,254.4356524
1963-01-31,148.77918,254.5374267
1963-02-28,149.10233,253.5956382
1963-03-31,149.42901,253.9253126
1963-04-30,149.79302,254.4585557
1963-05-31,150.14114,254.7893518
1963-06-30,150.46574,254.5090836
1963-07-31,150.81181,255.0435526
1963-08-31,151.29441,255.1710744
1963-09-30,151.73316,254.6862494
1963-10-31,152.12767,253.5656299
1963-11-30,152.58405,255.5941549
1963-12-31,153.17913,254.9040507
1964-01-31,153.47017,255.5922916
1964-02-29,154.06871,255.8734431
1964-03-31,154.70039,255.7455064
1964-04-30,155.2109,256.8707866
1964-05-31,155.75414,258.4120114
1964-06-30,156.33043,260.169213
1964-07-31,156.76815,260.2472638
1964-08-31,157.19143,260.7677583
1964-09-30,157.72588,262.3323649
1964-10-31,157.86783,263.6964932
1964-11-30,158.67296,263.7756021
1964-12-31,159.21244,264.5141738
1965-01-31,159.61048,265.6515848
1965-02-28,160.26488,265.7312802
1965-03-31,160.88991,266.8739247
1965-04-30,161.46912,267.3809852
1965-05-31,162.16343,267.6751043
1965-06-30,162.64992,269.0670148
1965-07-31,163.00775,269.3629885
1965-08-31,163.33377,269.0128167
1965-09-30,164.01977,268.0174692
1965-10-31,164.54463,267.4814343
1965-11-30,164.57754,266.7324863
1965-12-31,165.28523,263.8517754
1966-01-31,165.78108,264.53779
1966-02-28,166.89181,258.5327822
1966-03-31,167.57607,265.5907272
1966-04-30,168.1961,264.6346006
1966-05-31,168.91935,265.1374063
1966-06-30,169.51056,262.3799773
1966-07-31,169.39191,261.5141233
1966-08-31,170.17111,256.0484782
1966-09-30,171.66861,263.7555374
1966-10-31,172.87029,265.5754506
1966-11-30,174.40884,263.2383866
1966-12-31,175.76923,274.1627796
1967-01-31,176.31411,276.7673261
1967-02-28,177.81278,272.4774325
1967-03-31,178.66629,277.2730353
1967-04-30,179.34522,271.2562104
1967-05-31,178.28708,270.6865724
1967-06-30,179.12503,262.1599454
1967-07-31,179.73405,263.5493931
1967-08-31,180.45299,261.3882881
1967-09-30,181.10262,260.7086785
1967-10-31,181.57349,254.1127489
1967-11-30,182.51767,252.3085484
1967-12-31,184.3246,253.3430135
1968-01-31,185.28308,266.5928531
1968-02-29,186.02422,266.1396452
1968-03-31,186.89853,262.0677087
1968-04-30,187.66481,262.4608102
1968-05-31,189.05353,260.0461708
1968-06-30,190.83064,264.5189649
1968-07-31,191.74662,269.7035366
1968-08-31,192.49444,269.0292778
1968-09-30,192.87942,267.5227138
1968-10-31,193.51593,264.981248
1968-11-30,193.245,261.4304993
1968-12-31,194.61704,253.7182996
1969-01-31,195.57067,254.403339
1969-02-28,197.17435,254.3524583
1969-03-31,198.87005,254.8865985
1969-04-30,199.30756,258.0471923
1969-05-31,199.10825,252.6023965
1969-06-30,201.11925,250.8089195
1969-07-31,202.58742,253.4424132
1969-08-31,203.66113,251.6683163
1969-09-30,205.65701,240.9724129
1969-10-31,205.59531,252.6113804
1969-11-30,206.56161,247.6854585
1969-12-31,208.23476,238.8678562
1970-01-31,211.8164,241.6387233
1970-02-28,213.46856,237.8227083
1970-03-31,212.84951,240.1429705
1970-04-30,214.38202,237.2562769
1970-05-31,216.16139,233.584134
1970-06-30,218.21493,237.3485484
1970-07-31,219.52422,237.6287561
1970-08-31,221.01698,238.5930481
1970-09-30,222.76301,239.5927399
1970-10-31,226.32722,242.3106847
1970-11-30,227.43623,247.5778935
1970-12-31,229.71059,257.3618201
1971-01-31,231.82393,260.911374
1971-02-28,232.54258,262.0570768
1971-03-31,231.49614,263.1717282
1971-04-30,231.68133,263.5239638
1971-05-31,230.52293,261.0439822
1971-06-30,231.7447,261.7097393
1971-07-31,234.66468,264.6093368
1971-08-31,235.62681,266.6815356
1971-09-30,238.19514,270.8036463
1971-10-31,238.74299,273.9170832
1971-11-30,240.82005,277.0937608
1971-12-31,242.28906,281.8723996
1972-01-31,242.84632,287.049519
1972-02-29,242.4092,289.6168456
1972-03-31,244.22727,289.4304135
1972-04-30,245.13091,293.2676629
1972-05-31,244.83675,293.2868268
1972-06-30,246.69751,294.1206746
1972-07-31,246.96888,295.8327264
1972-08-31,247.73448,297.0379785
1972-09-30,249.27043,295.2625865
1972-10-31,250.74113,293.3008734
1972-11-30,251.76917,291.0677655
1972-12-31,252.14682,290.5693113
1973-01-31,253.02934,294.3970517
1973-02-28,253.02934,294.5768143
1973-03-31,254.82584,293.7020273
1973-04-30,255.66677,286.4883785
1973-05-31,256.05027,284.3779914
1973-06-30,256.05027,284.5172073
1973-07-31,258.53396,284.6491269
1973-08-31,262.6705,283.8539424
1973-09-30,264.95573,287.4170015
1973-10-31,265.37966,287.0511594
1973-11-30,267.55578,283.7071366
1973-12-31,269.24138,280.3349994
1974-01-31,270.29142,271.6831175
1974-02-28,268.80482,268.2137678
1974-03-31,268.99298,266.7307583
1974-04-30,271.81741,260.8225243
1974-05-31,273.52985,250.2554094
1974-06-30,275.7728,248.417836
1974-07-31,274.58698,247.828024
1974-08-31,280.07872,248.9517789
1974-09-30,282.96353,251.3673766
1974-10-31,285.19894,258.8357672
1974-11-30,288.25057,259.0367976
1974-12-31,292.4302,273.0944129
1975-01-31,294.27251,280.7034183
1975-02-28,295.03762,287.0470718
1975-03-31,295.24415,288.6921882
1975-04-30,298.49183,297.0063508
1975-05-31,298.34259,301.214631
1975-06-30,298.81993,306.4448223
1975-07-31,300.10486,305.3412903
1975-08-31,301.33529,303.3660596
1975-09-30,307.39213,310.8789424
1975-10-31,307.73026,317.2809309
1975-11-30,310.74602,319.2938554
1975-12-31,313.72918,317.3176054
1976-01-31,313.69781,318.5809497
1976-02-29,315.61136,315.6628425
1976-03-31,317.59971,308.2642493
1976-04-30,317.25035,302.7920969
1976-05-31,319.62973,295.9017432
1976-06-30,322.41051,304.5301997
1976-07-31,324.66738,298.9266966
1976-08-31,326.58292,301.6175448
1976-09-30,329.13027,299.3308584
1976-10-31,332.05953,306.3150035
1976-11-30,333.62021,308.1283633
1976-12-31,333.15314,312.1582773
1977-01-31,334.75227,313.7784699
1977-02-28,336.72731,318.4631099
1977-03-31,337.87219,320.2230214
1977-04-30,338.91959,325.9788027
1977-05-31,340.64808,326.322794
1977-06-30,340.85247,330.9558483
1977-07-31,342.28405,335.3174848
1977-08-31,343.24244,339.7402428
1977-09-30,344.34082,341.4902626
1977-10-31,346.30356,345.9857478
1977-11-30,348.06971,349.4438237
1977-12-31,349.32276,358.121893
1978-01-31,351.3139,360.9811542
1978-02-28,353.17586,367.139311
1978-03-31,355.18897,374.2986598
1978-04-30,356.39661,372.2864173
1978-05-31,357.43016,377.1292333
1978-06-30,360.07514,379.4404112
1978-07-31,362.09156,383.7444868
1978-08-31,363.32268,382.1762509
1978-09-30,362.70503,377.9079278
1978-10-31,365.09888,378.6817016
1978-11-30,366.74182,388.5938517
1978-12-31,370.99603,392.4438004
1979-01-31,375.44798,390.416402
1979-02-28,378.15121,389.9451199
1979-03-31,381.8949,388.4024662
1979-04-30,384.95006,380.4824447
1979-05-31,388.99204,375.5599812
1979-06-30,393.46545,373.3462081
1979-07-31,395.03931,373.3068928
1979-08-31,396.02691,373.2317548
1979-09-30,397.53181,369.4313504
1979-10-31,394.55032,361.6156652
1979-11-30,401.37604,354.4327153
1979-12-31,405.26939,354.1656722
1980-01-31,408.38996,337.4909008
1980-02-29,402.01908,321.5408517
1980-03-31,404.99402,327.4121929
1980-04-30,425.44622,339.6261713
1980-05-31,437.91179,347.3021705
1980-06-30,442.07196,349.3742841
1980-07-31,441.85092,350.6466176
1980-08-31,437.91845,343.7858725
1980-09-30,437.39295,336.6640598
1980-10-31,436.91181,334.7485372
1980-11-30,436.91181,339.4722306
1980-12-31,445.21314,339.2574519
1981-01-31,448.24059,326.1796246
1981-02-28,450.57144,321.4621616
1981-03-31,461.38515,317.5075894
1981-04-30,457.46338,298.1155232
1981-05-31,464.14234,296.4114017
1981-06-30,469.34074,295.4452836
1981-07-31,469.85701,293.6013306
1981-08-31,472.34725,290.2723471
1981-09-30,479.90481,298.6710861
1981-10-31,494.78186,301.326381
1981-11-30,511.20862,311.6094509
1981-12-31,509.31715,315.9334623
1982-01-31,511.30348,317.3591362
1982-02-28,516.67217,328.3201849
1982-03-31,522.25223,335.1111054
1982-04-30,531.13052,339.037029
1982-05-31,540.47841,335.6424137
1982-06-30,540.26222,340.0912572
1982-07-31,554.57917,353.9130958
1982-08-31,566.44717,364.6485515
1982-09-30,575.62361,373.4114056
1982-10-31,585.00627,376.3599185
1982-11-30,589.10132,393.8122836
1982-12-31,596.64182,407.5489251
1983-01-31,599.3267,413.307896
1983-02-28,605.79943,425.4352089
1983-03-31,606.52639,430.2629248
1983-04-30,614.47189,427.8414066
1983-05-31,615.39359,425.024308
1983-06-30,619.39365,430.2503436
1983-07-31,620.07499,429.6074425
1983-08-31,626.95782,430.8096919
1983-09-30,633.35979,437.6163299
1983-10-31,638.95374,438.6674855
1983-11-30,643.55321,450.7921727
1983-12-31,647.94794,461.7275572
1984-01-31,653.60799,474.6470114
1984-02-29,657.33849,483.9887256
1984-03-31,661.46037,487.2628962
1984-04-30,666.62039,485.2265556
1984-05-31,670.63014,494.895384
1984-06-30,676.48063,505.0389465
1984-07-31,684.4879,514.6210548
1984-08-31,691.20147,524.1790503
1984-09-30,698.04434,551.8269186
1984-10-31,706.97629,567.0918222
1984-11-30,714.08774,583.2609729
1984-12-31,720.34388,607.6745771
1985-01-31,726.15003,605.806814
1985-02-28,727.59999,606.6429994
1985-03-31,734.74076,620.9163649
1985-04-30,743.24918,625.8065022
1985-05-31,754.04319,631.8600306
1985-06-30,760.22408,638.34675
1985-07-31,763.3654,649.9234765
1985-08-31,769.41605,663.4644638
1985-09-30,775.21437,677.2156862
1985-10-31,781.66651,690.8768422
1985-11-30,788.0621,699.8745092
1985-12-31,796.18145,721.8095547
1986-01-31,802.17043,728.1371747
1986-02-28,807.49023,774.760972
1986-03-31,818.50228,831.166006
1986-04-30,824.69316,861.4458046
1986-05-31,827.11764,860.046254
1986-06-30,834.94368,866.8707181
1986-07-31,841.17069,888.2385231
1986-08-31,851.23444,895.5647473
1986-09-30,852.72973,892.5724186
1986-10-31,858.81152,886.7458241
1986-11-30,862.50691,898.3222298
1986-12-31,867.18641,904.8704347
1987-01-31,872.73678,905.7015794
1987-02-28,876.43488,915.6863028
1987-03-31,880.75115,918.0172321
1987-04-30,879.52977,905.6167054
1987-05-31,881.62507,890.3431252
1987-06-30,889.51691,870.6981169
1987-07-31,894.89025,847.2608826
1987-08-31,898.87977,833.6258039
1987-09-30,899.16191,817.1881838
1987-10-31,910.31647,864.8275567
1987-11-30,915.54773,883.2315345
1987-12-31,923.01298,902.0597723
1988-01-31,933.14996,934.6202453
1988-02-29,940.57002,948.613859
1988-03-31,944.91133,955.5240019
1988-04-30,948.07114,947.2534519
1988-05-31,950.69131,963.6786525
1988-06-30,958.021,958.4361967
1988-07-31,961.52655,952.9027086
1988-08-31,966.00691,962.955453
1988-09-30,974.43564,980.7128223
1988-10-31,982.05343,986.2311216
1988-11-30,985.16496,976.6411914
1988-12-31,991.16598,974.954989
1989-01-31,999.15846,957.3123036
1989-02-28,1003.12253,940.8202249
1989-03-31,1010.5097,951.4874445
1989-04-30,1020.2616,949.4838006
1989-05-31,1031.10303,963.0896202
1989-06-30,1039.98343,971.1885919
1989-07-31,1048.72371,982.0897285
1989-08-31,1055.87829,973.0806919
1989-09-30,1062.97541,962.2309952
1989-10-31,1071.49564,941.2254034
1989-11-30,1079.02063,939.8512167
1989-12-31,1086.20145,926.368399
1990-01-31,1094.2689,890.8691874
1990-02-28,1100.97148,885.9717129
1990-03-31,1108.044,908.0010798
1990-04-30,1114.93742,921.5227848
1990-05-31,1124.53031,936.0610165
1990-06-30,1133.07329,955.6287254
1990-07-31,1143.47478,926.0924051
1990-08-31,1150.34645,916.5014437
1990-09-30,1157.26198,928.2426932
1990-10-31,1166.5088,942.9581441
1990-11-30,1174.90982,961.317132
1990-12-31,1185.04171,969.8807788
1991-01-31,1193.22408,1016.414251
1991-02-28,1200.60945,1030.875562
1991-03-31,1208.05062,1064.365527
1991-04-30,1216.60033,1085.777167
1991-05-31,1224.12922,1085.57838
1991-06-30,1228.81923,1074.393575
1991-07-31,1237.51708,1084.003781
1991-08-31,1247.58768,1113.08306
1991-09-30,1258.08266,1135.262879
1991-10-31,1265.81459,1137.335727
1991-11-30,1276.17626,1147.944419
1991-12-31,1288.50925,1188.421968
1992-01-31,1292.76547,1204.004547
1992-02-29,1297.02811,1207.91154
1992-03-31,1299.8099,1210.453388
1992-04-30,1308.42189,1223.735285
1992-05-31,1315.03655,1201.420352
1992-06-30,1323.72515,1184.547528
1992-07-31,1333.59087,1184.237029
1992-08-31,1340.02252,1201.526096
1992-09-30,1348.67514,1185.488971
1992-10-31,1349.44949,1234.832241
1992-11-30,1348.01568,1236.698459
1992-12-31,1355.27944,1273.784554
1993-01-31,1363.79902,1321.77204
1993-02-28,1369.40289,1365.996424
1993-03-31,1375.82209,1372.955704
1993-04-30,1382.39824,1397.738391
1993-05-31,1383.33682,1444.57947
1993-06-30,1389.15087,1511.18209
1993-07-31,1393.3485,1598.128186
1993-08-31,1399.86923,1659.756573
1993-09-30,1405.04387,1713.689021
1993-10-31,1407.7729,1719.042832
1993-11-30,1410.24188,1764.507728
1993-12-31,1414.82858,1870.07865
1994-01-31,1421.90619,1841.442184
1994-02-28,1419.13218,1760.380164
1994-03-31,1418.57733,1748.893048
1994-04-30,1417.74113,1705.148415
1994-05-31,1420.70144,1606.387928
1994-06-30,1425.33554,1612.511133
1994-07-31,1433.67838,1573.76756
1994-08-31,1439.07621,1513.046034
1994-09-30,1441.49559,1516.384363
1994-10-31,1446.21322,1531.925908
1994-11-30,1445.20869,1538.436232
1994-12-31,1449.57754,1516.654493
1995-01-31,1463.23361,1550.11424
1995-02-28,1477.0815,1522.911116
1995-03-31,1486.02453,1559.105907
1995-04-30,1495.73243,1647.810699
1995-05-31,1511.54878,1662.726744
1995-06-30,1520.02531,1679.78352
1995-07-31,1527.9405,1732.083188
1995-08-31,1535.60367,1762.081796
1995-09-30,1542.39555,1750.526956
1995-10-31,1550.58298,1820.140392
1995-11-30,1557.8994,1896.977047
1995-12-31,1565.18433,1985.286983
1996-01-31,1571.96536,1949.947421
1996-02-29,1578.14204,1926.13739
1996-03-31,1585.12497,1979.917221
1996-04-30,1590.58477,2020.453487
1996-05-31,1595.91222,2024.574007
1996-06-30,1604.41955,2061.587177
1996-07-31,1611.86355,2089.960051
1996-08-31,1619.62966,2141.37478
1996-09-30,1629.20696,2258.832455
1996-10-31,1640.89393,2331.750864
1996-11-30,1650.38837,2373.560181
1996-12-31,1656.06269,2405.179211
1997-01-31,1664.20459,2461.862708
1997-02-28,1671.0572,2404.417486
1997-03-31,1673.84439,2397.024029
1997-04-30,1684.89568,2463.97177
1997-05-31,1693.01366,2499.374942
1997-06-30,1702.99539,2583.183403
1997-07-31,1714.52513,2562.982181
1997-08-31,1719.5728,2654.407507
1997-09-30,1729.70116,2639.390255
1997-10-31,1739.70944,2697.564033
1997-11-30,1745.00165,2748.122359
1997-12-31,1755.35473,2833.545532
1998-01-31,1765.7108,2876.950344
1998-02-28,1771.59414,2924.474914
1998-03-31,1780.45568,2938.586139
1998-04-30,1787.09389,2930.079233
1998-05-31,1796.91776,2990.721779
1998-06-30,1803.79352,3032.343444
1998-07-31,1814.06357,3122.811467
1998-08-31,1822.25267,3248.759871
1998-09-30,1830.65756,3266.885951
1998-10-31,1837.12399,3281.026232
1998-11-30,1845.23691,3402.093381
1998-12-31,1855.45242,3462.470893
1999-01-31,1862.743,3413.241549
1999-02-28,1867.1331,3344.744662
1999-03-31,1876.48547,3409.186292
1999-04-30,1884.58806,3356.618136
1999-05-31,1888.46792,3246.703153
1999-06-30,1896.4526,3139.395634
1999-07-31,1902.6039,3079.44639
1999-08-31,1905.42948,3031.325104
1999-09-30,1915.76093,2964.539123
1999-10-31,1924.45176,3072.791955
1999-11-30,1933.74222,3043.899986
1999-12-31,1940.83235,2925.195926
2000-01-31,1944.67179,2949.03043
2000-02-29,1956.99978,3019.048626
2000-03-31,1966.86213,3057.060658
2000-04-30,1973.85581,3035.185935
2000-05-31,1981.68081,3105.356066
2000-06-30,1996.01276,3080.692972
2000-07-31,2009.2249,3112.067771
2000-08-31,2021.51439,3100.584016
2000-09-30,2036.67205,3130.969565
2000-10-31,2046.69504,3171.611084
2000-11-30,2059.18709,3280.651866
2000-12-31,2071.37578,3314.989483
2001-01-31,2085.64707,3323.219222
2001-02-28,2096.29021,3367.774543
2001-03-31,2104.3115,3318.943714
2001-04-30,2114.63687,3272.557571
2001-05-31,2121.90622,3305.077824
2001-06-30,2128.57381,3302.780319
2001-07-31,2140.70862,3387.0795
2001-08-31,2150.3735,3407.633902
2001-09-30,2172.29053,3506.082692
2001-10-31,2185.18735,3578.439939
2001-11-30,2187.08525,3475.33868
2001-12-31,2190.73878,3463.174943
2002-01-31,2195.00506,3460.082407
2002-02-28,2203.32826,3378.62913
2002-03-31,2195.63979,3399.098907
2002-04-30,2208.93912,3410.497275
2002-05-31,2217.96898,3476.785249
2002-06-30,2229.17401,3544.328062
2002-07-31,2244.50702,3677.40318
2002-08-31,2251.21255,3777.622913
2002-09-30,2257.93604,3748.196932
2002-10-31,2264.45558,3774.301025
2002-11-30,2262.06111,3867.890557
2002-12-31,2276.13422,3940.930542
2003-01-31,2278.34621,4049.49236
2003-02-28,2284.98646,4032.450772
2003-03-31,2288.30445,3998.507603
2003-04-30,2293.18778,4155.531723
2003-05-31,2298.29921,4261.910748
2003-06-30,2300.74185,4111.732287
2003-07-31,2294.50385,4058.220795
2003-08-31,2296.50875,4058.492873
2003-09-30,2307.66334,4036.761212
2003-10-31,2303.42057,3990.791347
2003-11-30,2303.82529,4041.645916
2003-12-31,2312.83127,4100.688035
2004-01-31,2315.08769,4148.591437
2004-02-29,2321.18311,4227.095231
2004-03-31,2325.47323,4276.786462
2004-04-30,2316.88019,4210.80987
2004-05-31,2315.07545,4193.271788
2004-06-30,2313.03918,4212.897737
2004-07-31,2320.29844,4265.929555
2004-08-31,2330.06961,4349.026655
2004-09-30,2328.47835,4397.465166
2004-10-31,2334.172,4455.090292
2004-11-30,2328.70129,4534.429232
2004-12-31,2333.49567,4605.416705
2005-01-31,2335.78791,4689.348952
2005-02-28,2336.93402,4646.338895
2005-03-31,2337.62271,4670.140577
2005-04-30,2347.30107,4779.962374
2005-05-31,2354.6946,4835.499632
2005-06-30,2358.39777,4919.849453
2005-07-31,2357.93443,4905.651958
2005-08-31,2368.41126,4968.705537
2005-09-30,2370.5072,4980.815165
2005-10-31,2374.71751,4891.872037
2005-11-30,2380.8246,4891.454464
2005-12-31,2387.19528,4977.474578
2006-01-31,2394.28596,4896.882918
2006-02-28,2401.62281,4905.234385
2006-03-31,2410.88018,4805.851923
2006-04-30,2418.74174,4721.084529
2006-05-31,2428.77291,4762.424292
2006-06-30,2437.16453,4722.337249
2006-07-31,2447.75138,4796.247735
2006-08-31,2458.36564,4874.333956
2006-09-30,2469.74205,4952.837749
2006-10-31,2480.91677,4922.354893
2006-11-30,2489.94272,4969.540684
2006-12-31,2501.23404,4881.850276
2007-01-31,2513.54327,4840.510513
2007-02-28,2522.43203,4914.420999
2007-03-31,2534.82361,4883.102996
2007-04-30,2545.27136,4833.829339
2007-05-31,2556.52256,4783.302961
2007-06-30,2567.31063,4725.260262
2007-07-31,2577.89229,4796.247735
2007-08-31,2589.52949,4836.752352
2007-09-30,2598.16624,4825.060298
2007-10-31,2610.91984,4910.662839
2007-11-30,2619.38278,4938.640255
2007-12-31,2630.99208,4883.102996
2008-01-31,2641.34013,5014.638608
2008-02-29,2648.34387,5020.902209
2008-03-31,2653.28446,5002.111407
2008-04-30,2657.19657,4957.84863
2008-05-31,2662.68341,4870.575795
2008-06-30,2670.81343,4819.631844
2008-07-31,2676.85361,4898.553211
2008-08-31,2682.90746,5022.154929
2008-09-30,2671.01427,5007.539861
2008-10-31,2689.50529,5030.088823
2008-11-30,2708.54603,5285.226152
2008-12-31,2736.78609,5329.071356
2009-01-31,2739.45092,5194.612731
2009-02-28,2736.77571,5200.876332
2009-03-31,2736.77571,5297.33578
2009-04-30,2738.963599,5369.575973
2009-05-31,2740.604516,5257.248737
2009-06-30,2743.886349,5348.279731
2009-07-31,2748.535614,5499.858865
2009-08-31,2750.450017,5590.88986
2009-09-30,2751.817447,5626.383596
2009-10-31,2752.090933,5615.109115
2009-11-30,2753.184878,5650.602852
2009-12-31,2754.825795,5591.307433
2010-01-31,2756.193225,5596.318314
2010-02-28,2759.475059,5669.393653
2010-03-31,2761.936434,5736.205393
2010-04-30,2756.466711,5614.273968
2010-05-31,2763.577351,5741.633847
2010-06-30,2762.756892,5623.043009
2010-07-31,2764.124323,5739.128406
2010-08-31,2766.585698,5893.630553
2010-09-30,2766.038726,5823.060654
2010-10-31,2767.679643,5780.050597
2010-11-30,2764.124323,5461.442115
2010-12-31,2770.414504,5468.123289
2011-01-31,2772.875879,5487.331664
2011-02-28,2775.884227,5477.727476
2011-03-31,2776.978171,5461.024541
2011-04-30,2777.525143,5430.959259
2011-05-31,2782.174408,5501.946732
2011-06-30,2784.088811,5461.024541
2011-07-31,2786.2767,5394.630376
2011-08-31,2797.216145,5545.791936
2011-09-30,2800.224492,5539.528335
2011-10-31,2800.497978,5332.411943
2011-11-30,2799.67752,5057.648665
2011-12-31,2815.813202,5299.006074
2012-01-31,2820.735952,5459.354248
2012-02-29,2826.752647,5649.350132
2012-03-31,2826.752647,5678.997841
2012-04-30,2826.205675,5633.06477
2012-05-31,2824.017786,5742.05142
2012-06-30,2825.385216,5664.382773
2012-07-31,2830.307967,5829.324254
2012-08-31,2835.230717,5846.444763
2012-09-30,2836.324662,6030.177046
2012-10-31,2839.059523,6115.779587
2012-11-30,2841.520898,6297.424003
2012-12-31,2842.341356,6323.731125
2013-01-31,2844.255759,6335.840753
2013-02-28,2845.62319,6305.77547
2013-03-31,2846.717135,6367.158756
2013-04-30,2847.537593,6678.66849
2013-05-31,2847.811079,6555.484346
2013-06-30,2846.717135,6381.35625
2013-07-31,2848.084565,6450.255857
2013-08-31,2848.358051,6392.213158
2013-09-30,2849.17851,6464.453351
2013-10-31,2851.366399,6622.296085
2013-11-30,2851.639885,6636.076006
2013-12-31,2851.366399,6567.593974
2014-01-31,2852.460343,6797.259328
2014-02-28,2853.007316,6919.190752
2014-03-31,2852.733829,7035.693722
2014-04-30,2853.280802,7136.328905
2014-05-31,2854.374746,7225.272032
2014-06-30,2856.015663,7388.960794
2014-07-31,2856.289149,7511.309791
2014-08-31,2856.562635,7745.150879
2014-09-30,2856.562635,7758.9308
2014-10-31,2855.742177,7809.039605
2014-11-30,2855.742177,8014.485703
2014-12-31,2856.562635,8173.998731
2015-01-31,2856.562635,8474.651557
2015-02-28,2856.562635,8578.209753
2015-03-31,2856.562635,8709.327792
2015-04-30,2855.742177,8540.62815
2015-05-31,2855.195205,8305.534342
2015-06-30,2853.827774,7958.530871
2015-07-31,2853.554288,8244.151057
2015-08-31,2852.733829,8115.956032
2015-09-30,2852.186857,8300.105889
2015-10-31,2851.913371,8455.860756
2015-11-30,2851.913371,8501.376253
2015-12-31,2851.092913,8367.752775
2016-01-31,2850.272454,8607.857463
2016-02-29,2849.451996,8712.250805
2016-03-31,2848.358051,8794.095186
2016-04-30,2847.811079,8634.582158
2016-05-31,2846.717135,8771.963797
2016-06-30,2845.896676,9034.617448
2016-07-31,2844.529245,9166.570633
2016-08-31,2843.161815,9134.417483
2016-09-30,2842.614843,9159.889459
2016-10-31,2841.247412,8873.016553
2016-11-30,2840.153467,8638.340319
2016-12-31,2839.606495,8714.338672
2017-01-31,2835.777689,8431.6415
2017-02-28,2835.230717,8573.198873
2017-03-31,2833.042828,8518.914335
2017-04-30,2831.675397,8581.55034
2017-05-31,2829.760994,8659.636561
2017-06-30,2827.846592,8604.934449
2017-07-31,2826.479161,8631.241571
2017-08-31,2824.838244,8728.118593
2017-09-30,2822.923841,8672.163762
2017-10-31,2821.829897,8826.665909
2017-11-30,2820.18898,8875.939567
2017-12-31,2818.274577,8764.447477
2018-01-31,2815.813202,8710.998085
2018-02-28,2814.445771,8735.634914
2018-03-31,2812.531368,8962.377254
2018-04-30,2810.616965,8910.180583
2018-05-31,2805.147243,8697.218164
2018-06-30,2807.061646,8792.842466
2018-07-31,2805.694215,8753.172996
2018-08-31,2803.506326,8660.889281
2018-09-30,2802.412381,8666.317735
2018-10-31,2802.412381,8630.406425
2018-11-30,2801.318437,8709.745365
2018-12-31,2800.497978,8823.742895
2019-01-31,2798.583576,8956.531227
2019-02-28,2797.216145,8913.103597
2019-03-31,2796.395686,9158.219165
2019-04-30,2795.028256,9166.570633
2019-05-31,2793.934311,9292.677791
2019-06-30,2793.660825,9607.945685
2019-07-31,2792.840367,9848.88552
2019-08-31,2792.019908,10166.65886
2019-09-30,2789.285047,10163.73584
2019-10-31,2787.64413,10040.5517
2019-11-30,2785.729727,9893.983444
2019-12-31,2784.909269,9768.29386
2020-01-31,2782.72138,10122.39608
2020-02-29,2781.353949,10146.19776
2020-03-31,2778.072116,9802.534876
2020-04-30,2776.704685,9805.45789
2020-05-31,2776.431199,9860.160001
2020-06-30,2776.431199,10004.22281
2020-07-31,2774.790282,10152.87893
2020-08-31,2773.422852,10049.73831
2020-09-30,2772.055421,10243.90993
2020-10-31,2771.781935,10373.35767
2020-11-30,2769.867532,10394.65392
2020-12-31,2768.226615,10429.73008
2021-01-31,2765.76524,10348.30327
2021-02-28,2763.850837,10097.75925
2021-03-31,2762.483406,10139.93416
2021-04-30,2761.115976,9979.585985
2021-05-31,2759.748545,9972.487238
2021-06-30,2757.834142,10044.30986
2021-07-31,2756.193225,10293.60116
2021-08-31,2754.278822,10214.67979
2021-09-30,2752.637906,10035.95839
2021-10-31,2750.17653,9901.917338
2021-11-30,2750.450017,10146.19776
2021-12-31,2747.988641,9948.685556
2022-01-31,2744.980294,9802.117303
2022-02-28,2743.612863,9520.672851
2022-03-31,2740.604516,9231.294505
2022-04-30,2737.596168,8710.580512
2022-05-31,2735.408279,8478.827291
2022-06-30,2731.85296,8250.832231
2022-07-31,2730.485529,8726.865873
2022-08-31,2726.656723,8095.494937
2022-09-30,2718.725625,7639.504816
2022-10-31,2718.999112,7681.679727
2022-11-30,2721.460487,7966.047192
2022-12-31,2721.733973,7420.69637
2023-01-31,2724.195348,7716.75589
2023-02-28,2725.289293,7491.26627
2023-03-31,2734.040849,7744.315732
2023-04-30,2738.690113,7725.524931
2023-05-31,2744.706808,7776.051308
2023-06-30,2747.441669,7798.182697
2023-07-31,2754.825795,7748.491466
2023-08-31,2763.303865,7775.633735
2023-09-30,2768.500101,7441.157465
2023-10-31,2776.704685,7445.333199
2023-11-30,2786.2767,7804.028724
2023-12-31,2796.395686,8233.294149
