Date,GDP,CPI,DDS,DDB,GDPori,CPIori
1970-01-01,-0.059219654,0,-0.120000387,-0.138510328,0.322791462,6.166219839
1970-02-01,-0.094072561,0,-0.145299026,-0.128517048,0.322791462,5.85106383
1970-03-01,-0.126531958,0,-0.169979638,-0.071086322,0.322791462,6.084656085
1970-04-01,-0.114036,0,-0.152369447,-0.081490155,0.161124608,6.036745407
1970-05-01,-0.189661108,0,-0.227119235,-0.127966753,0.161124608,6.299212598
1970-06-01,-0.256063982,0,-0.30076399,-0.134070986,0.161124608,6.527415144
1970-07-01,-0.224602276,0,-0.278275722,-0.114674176,0.421343681,6.233766234
1970-08-01,-0.194446119,0,-0.26117141,-0.092806628,0.421343681,6.201550388
1970-09-01,-0.148223834,0,-0.228166198,-0.098068349,0.421343681,6.16966581
1970-10-01,-0.093280048,0,-0.188546457,-0.082374739,-0.167352478,6.138107417
1970-11-01,-0.084369477,0.002780851,-0.184493794,-0.083017076,-0.167352478,6.632653061
1970-12-01,-0.110979561,0.024578719,-0.216361951,-0.020753936,-0.167352478,6.598984772
1971-01-01,-0.030482776,0.070704888,-0.157615982,-0.019676765,2.697158765,6.313131313
1971-02-01,0.034810367,0.085724796,-0.110709303,0.132273179,2.697158765,6.030150754
1971-03-01,0.054279625,0.093271621,-0.104667898,0.139229725,2.697158765,5.236907731
1971-04-01,0.125622095,0.102610518,-0.056671384,0.205408666,3.106441323,4.95049505
1971-05-01,0.231216566,0.10496723,0.231216566,-0.0342,3.106441323,5.185185185
1971-06-01,0.264542885,0.095063048,0.264542885,-0.04926648,3.106441323,4.901960784
1971-07-01,0.262999234,0.097748181,-0.015420845,-0.065048656,3.005276945,4.88997555
1971-08-01,0.337275257,0.109358394,0.337275257,-0.068881957,3.005276945,4.622871046
1971-09-01,0.33458153,0.117731077,-0.010132528,-0.023164061,3.005276945,4.11622276
1971-10-01,0.360482434,0.132189593,-4.04012E-05,0.183447266,4.365553189,3.855421687
1971-11-01,0.323223535,0.135927007,-0.025882783,0.195152462,4.365553189,3.349282297
1971-12-01,0.336868685,0.139288368,-0.010584627,0.184218521,4.365553189,3.095238095
1972-01-01,0.441738466,0.147237654,0.441738466,0.175900813,3.472506066,3.325415677
1972-02-01,0.489289989,0.154407092,0.489289989,-0.0078,3.472506066,3.317535545
1972-03-01,0.525068923,0.152598771,0.525068923,0.136185897,3.472506066,3.317535545
1972-04-01,0.509858219,0.141222178,0.509858219,0.124548053,5.251377703,3.301886792
1972-05-01,0.498416764,0.145907598,0.498416764,0.119487839,5.251377703,3.051643192
1972-06-01,0.434089933,0.134889018,-0.016572827,0.125757538,5.251377703,2.803738318
1972-07-01,0.325963595,0.127482987,-0.0678,-0.0003,5.378364037,2.797202797
1972-08-01,0.358060596,0.124038246,-0.017488564,0.110687115,5.378364037,3.023255814
1972-09-01,0.360850054,0.121562731,0.360850054,-0.0145,5.378364037,3.023255814
1972-10-01,0.289106687,0.108088543,-0.037564296,-0.0156826,6.891806086,3.016241299
1972-11-01,0.287171595,0.092601342,-0.014979935,0.082500844,6.891806086,2.777777778
1972-12-01,0.31109188,0.074723006,0.31109188,0.098086908,6.891806086,3.002309469
1973-01-01,0.26778688,0.062644602,-0.007449933,-0.0022,7.5611848,2.528735632
1973-02-01,0.211198145,0.06558103,-0.02570796,-0.0036967,7.5611848,2.752293578
1973-03-01,0.197650727,0.054190192,-0.007291576,-0.000503747,7.5611848,3.211009174
1973-04-01,0.146378533,0.040382495,-0.02760058,-0.00309804,6.319553786,2.96803653
1973-05-01,0.116216518,0.005060572,-0.036252186,0.054746474,6.319553786,3.189066059
1973-06-01,0.076805337,-0.011026998,-0.049529276,-0.0016882,6.319553786,3.181818182
1973-07-01,0.041474117,-0.018435304,-0.056475769,-0.006156943,4.771349375,3.174603175
1973-08-01,-0.001528218,-0.024097265,-0.076992276,-0.041708101,4.771349375,3.16027088
1973-09-01,-0.042392724,-0.030621712,-0.101819677,-0.023237408,4.771349375,3.837471783
1973-10-01,-0.029969382,-0.019798737,-0.077929726,0.044962605,4.024055262,4.279279279
1973-11-01,0.00282948,-0.021364285,-0.040156271,0.046644171,4.024055262,4.72972973
1973-12-01,-0.130488432,-0.034399985,-0.165525198,0.042894947,4.024055262,4.708520179
1974-01-01,-0.161807476,-0.046302027,-0.193428052,-0.0157088,0.638998413,5.156950673
1974-02-01,-0.156123614,-0.075866212,-0.186151238,-0.004780904,0.638998413,5.357142857
1974-03-01,-0.120759845,-0.085292547,-0.146567885,-0.00907398,0.638998413,5.777777778
1974-04-01,-0.172188604,-0.086782684,-0.196456082,-0.037857309,-0.208261695,6.208425721
1974-05-01,-0.151158255,-0.103166417,-0.178337054,-0.053078311,-0.208261695,7.06401766
1974-06-01,-0.219212817,-0.13634943,-0.245078706,-0.045467806,-0.208261695,7.929515419
1974-07-01,-0.266713757,-0.139886888,-0.295247335,-0.053566153,-0.629039832,8.791208791
1974-08-01,-0.271396901,-0.140843034,-0.305426233,-0.062932914,-0.629039832,9.846827133
1974-09-01,-0.373111247,-0.135893349,-0.404440344,-0.085862009,-0.629039832,10.2173913
1974-10-01,-0.409191158,-0.124259468,-0.446977669,-0.071128847,-1.945763432,10.58315335
1974-11-01,-0.367578438,-0.093743705,-0.419798056,-0.023514447,-1.945763432,10.96774194
1974-12-01,-0.380891113,-0.085993366,-0.441827504,0.026566526,-1.945763432,11.3490364
1975-01-01,-0.38331455,-0.030137495,-0.45081542,0.035822183,-2.299771471,11.51385928
1975-02-01,-0.268160236,0.003172074,-0.359018302,0.059698297,-2.299771471,11.86440678
1975-03-01,-0.174418126,0.034603873,-0.286974942,0.082570563,-2.299771471,11.34453782
1975-04-01,-0.167299503,0.053594279,-0.294823411,-0.0224087,-1.834842421,11.27348643
1975-05-01,-0.101768786,0.098138908,-0.256702671,-0.038546679,-1.834842421,10.30927835
1975-06-01,-0.064140614,0.130242308,-0.246855372,-0.01807455,-1.834842421,9.795918367
1975-07-01,-0.016169435,0.166544337,-0.244089342,0.102568044,0.79861539,9.090909091
1975-08-01,-0.006274843,0.176831235,-0.264455629,-0.0028482,0.79861539,7.96812749
1975-09-01,0.010433608,0.178987641,-0.274961404,-0.012219732,0.79861539,7.495069034
1975-10-01,0.008138239,0.214152682,-0.302384153,-0.019202449,2.55479512,7.03125
1975-11-01,0.131994135,0.236798421,-0.251118459,0.130394225,2.55479512,6.976744186
1975-12-01,0.182843474,0.237902545,-0.236707158,-0.0046796,2.55479512,6.730769231
1976-01-01,0.225734223,0.217858341,-0.222345732,0.134824103,6.154303273,6.883365201
1976-02-01,0.345542839,0.204931927,-0.153027772,0.144143838,6.154303273,6.439393939
1976-03-01,0.357973581,0.172350733,-0.13996879,0.147969573,6.154303273,6.603773585
1976-04-01,0.339579616,0.122614296,-0.143772014,0.15206936,6.173984642,6.378986867
1976-05-01,0.310614266,0.080072306,-0.141270158,0.139365578,6.173984642,6.542056075
1976-06-01,0.245015191,0.03555683,-0.16152717,-0.0163203,6.173984642,6.319702602
1976-07-01,0.263453295,0.049399576,-0.130810338,0.120519676,4.958256901,6.666666667
1976-08-01,0.236300383,0.012010938,-0.132250731,0.125557552,4.958256901,6.826568266
1976-09-01,0.206537502,0.006070677,-0.12904687,0.139230086,4.958256901,6.788990826
1976-10-01,0.172131943,-0.014245551,-0.139546443,0.155172954,4.311515992,6.751824818
1976-11-01,0.105652645,-0.001202099,-0.181202668,0.157643443,4.311515992,6.34057971
1976-12-01,0.115714406,-0.004986495,-0.15793103,0.182506801,4.311515992,6.126126126
1977-01-01,0.19614851,0.001990396,-0.083261472,0.207765043,3.22683944,6.082289803
1977-02-01,0.180187918,0.00491705,-0.083328034,-0.0300195,3.22683944,6.227758007
1977-03-01,0.163229961,0.021114763,-0.084539332,-0.031142446,3.22683944,6.194690265
1977-04-01,0.151903495,0.029874816,-0.081596882,-0.024180333,4.465304296,6.349206349
1977-05-01,0.146371252,0.047993714,-0.06948263,-0.014223752,4.465304296,6.315789474
1977-06-01,0.117176797,0.053146378,-0.074173057,-0.005689493,4.465304296,6.643356643
1977-07-01,0.131402773,0.073525446,-0.048572491,0.152947723,5.769993107,6.25
1977-08-01,0.123948471,0.094762386,-0.043920654,-0.0043633,5.769993107,6.21761658
1977-09-01,0.135771433,0.113200869,-0.029190617,0.141639061,5.769993107,6.18556701
1977-10-01,0.148200336,0.122780457,-0.019129908,-0.0005847,5.013271222,5.982905983
1977-11-01,0.139067158,0.138873371,-0.020472741,-0.008477682,5.013271222,6.132879046
1977-12-01,0.123073519,0.148172189,-0.027437977,-0.000584669,5.013271222,6.451612903
1978-01-01,0.181042719,0.170658065,0.181042719,-0.011108712,4.114111809,6.408094435
1978-02-01,0.159924236,0.170697212,-0.008875248,-0.020988725,4.114111809,6.197654941
1978-03-01,0.130991059,0.182443649,-0.026860285,-0.021887653,4.114111809,6.333333333
1978-04-01,0.183738872,0.194958077,0.183738872,-0.023744795,6.077933226,6.633499171
1978-05-01,0.198886043,0.177505042,0.198886043,-0.023356148,6.077933226,6.765676568
1978-06-01,0.250770732,0.179398227,0.250770732,-0.028126565,6.077933226,6.885245902
1978-07-01,0.253806833,0.174350393,0.253806833,-0.033695983,5.247033083,7.189542484
1978-08-01,0.316461505,0.175533508,0.316461505,-0.020528931,5.247033083,7.479674797
1978-09-01,0.343148504,0.158722294,0.343148504,-0.002928619,5.247033083,7.928802589
1978-10-01,0.354886258,0.133523896,0.354886258,-0.011884015,6.65955972,8.387096774
1978-11-01,0.33682358,0.122492161,-0.001493147,-0.031614419,6.65955972,8.507223114
1978-12-01,0.212639424,0.138123541,-0.084648574,-0.017334799,6.65955972,8.452950558
1979-01-01,0.293484779,0.135708186,-0.016459728,-0.026410891,6.510448394,8.557844691
1979-02-01,0.296922292,0.114369207,-0.000791307,-0.007940348,6.510448394,9.148264984
1979-03-01,0.284274937,0.100046745,0.284274937,-0.024002885,6.510448394,9.404388715
1979-04-01,0.303290138,0.082921577,0.303290138,-0.01058556,2.656695358,9.33125972
1979-05-01,0.294011218,0.049225574,0.294011218,-0.023175166,2.656695358,9.42812983
1979-06-01,0.241774345,0.023722771,-0.01693287,-0.001657864,2.656695358,9.355828221
1979-07-01,0.247428774,0.007746906,0.247428774,0.051708337,2.389453451,9.603658537
1979-08-01,0.231523786,-4.20059E-05,0.231523786,-0.009167,2.389453451,9.984871407
1979-09-01,0.261426024,-0.005719028,0.261426024,-0.011887332,2.389453451,9.895052474
1979-10-01,0.276323234,-0.023029774,0.276323234,-0.020360596,1.284088157,10.11904762
1979-11-01,0.131603161,-0.050055416,-0.093334453,-0.098595382,1.284088157,10.65088757
1979-12-01,0.14135032,-0.072850224,-0.067856002,-0.082473941,1.284088157,11.32352941
1980-01-01,0.181210525,-0.07780864,-0.018550031,-0.07647956,1.420553642,11.97080292
1980-02-01,0.226426176,-0.123799081,0.226426176,-0.147105416,1.420553642,11.99421965
1980-03-01,0.200502261,-0.165434711,-0.006468921,-0.217706409,1.420553642,12.60744986
1980-04-01,0.069361621,-0.148386449,-0.108791349,-0.213427185,-0.775068744,13.08677098
1980-05-01,0.130977455,-0.114583788,-0.05024162,-0.107054302,-0.775068744,13.13559322
1980-06-01,0.171409039,-0.093484845,-0.008629048,-0.056330879,-0.775068744,13.60448808
1980-07-01,0.219615618,-0.08677721,0.219615618,-0.014208132,-1.623745716,12.3783032
1980-08-01,0.217363372,-0.078837517,0.217363372,-0.076785214,-1.623745716,11.82943604
1980-09-01,0.26841036,-0.089487018,0.26841036,-0.105542247,-1.623745716,12.00545703
1980-10-01,0.284899037,-0.099769648,0.284899037,-0.128930617,-0.039051531,12.16216216
1980-11-01,0.299956967,-0.096245186,0.299956967,-0.157114677,-0.039051531,12.1657754
1980-12-01,0.304517119,-0.070719076,0.304517119,-0.15451033,-0.039051531,12.15323646
1981-01-01,0.334043272,-0.056076971,0.334043272,-0.122566378,1.600001199,11.34289439
1981-02-01,0.295961898,-0.080141011,-0.025072388,-0.134641444,1.600001199,10.83870968
1981-03-01,0.280750484,-0.084741177,-0.029842884,-0.170762115,1.600001199,9.923664122
1981-04-01,0.335857816,-0.089257397,0.335857816,-0.141351618,2.968670661,9.433962264
1981-05-01,0.355471124,-0.138989677,0.355471124,-0.194006771,2.968670661,9.61298377
1981-06-01,0.290519928,-0.139241554,-0.037742989,-0.149245211,2.968670661,9.382716049
1981-07-01,0.289362812,-0.137581796,-0.014308901,-0.155016391,4.325718701,11.13861386
1981-08-01,0.213830054,-0.138495971,-0.049308749,-0.184903124,4.325718701,11.56211562
1981-09-01,0.19206212,-0.143383516,-0.04582452,-0.220014807,4.325718701,11.81485993
1981-10-01,0.056128461,-0.119113238,-0.138874426,-0.231200653,1.29982502,10.96385542
1981-11-01,0.070001071,-0.115901471,-0.10750631,-0.177726276,1.29982502,10.25029797
1981-12-01,0.144033599,-0.085399953,-0.018015479,-0.077696595,1.29982502,9.540636042
1982-01-01,0.082184137,-0.067738458,-0.050245027,-0.116822182,-2.190515057,9.25058548
1982-02-01,0.035882185,-0.055225255,-0.069130325,-0.122992857,-2.190515057,9.196740396
1982-03-01,-0.029594886,-0.007448311,-0.109206772,-0.107845891,-2.190515057,8.680555556
1982-04-01,-0.079491186,0.029968794,-0.142302798,-0.087965486,-1.010745238,8.850574713
1982-05-01,-0.042998185,0.057750761,-0.096677539,-0.058220574,-1.010745238,8.656036446
1982-06-01,-0.070224426,0.061420192,-0.116005132,-0.047712199,-1.010745238,8.465011287
1982-07-01,-0.134547121,0.090831498,-0.172800596,-0.072055818,-2.556041752,7.683741648
1982-08-01,-0.12311959,0.150217291,-0.16710506,-0.028105784,-2.556041752,7.056229327
1982-09-01,-0.087872453,0.199899388,-0.139235629,0.277024079,-2.556041752,5.882352941
1982-10-01,-0.071933937,0.234653554,-0.119377143,0.355390113,-1.443183756,5.863192182
1982-11-01,-0.019096208,0.246681521,-0.066863738,0.451440053,-1.443183756,5.189189189
1982-12-01,0.076502174,0.304556135,0.076502174,0.501662952,-1.443183756,4.516129032
1983-01-01,0.15040305,0.336686126,0.15040305,0.536272393,1.431473165,4.608788853
1983-02-01,0.179663596,0.338584124,0.179663596,-0.0402073,1.431473165,4.47761194
1983-03-01,0.245416522,0.358679,0.245416522,0.523748617,1.431473165,4.579339723
1983-04-01,0.287080917,0.35589224,0.287080917,-0.007339,3.268479687,4.118268215
1983-05-01,0.383975005,0.327421447,0.383975005,0.518771532,3.268479687,3.668763103
1983-06-01,0.40343358,0.296460563,0.40343358,-0.0429488,3.268479687,3.225806452
1983-07-01,0.437651326,0.287532578,0.437651326,-0.037537824,5.736967079,3.205791107
1983-08-01,0.454860641,0.262263925,0.454860641,-0.091075937,5.736967079,3.089598352
1983-09-01,0.433143326,0.243714963,-0.01678394,-0.093924233,5.736967079,3.395061728
1983-10-01,0.468415391,0.236083072,0.468415391,-0.045171829,7.89966397,3.58974359
1983-11-01,0.428046624,0.211930589,-0.007147461,-0.062738854,7.89966397,4.316546763
1983-12-01,0.419143948,0.219091058,0.419143948,-0.044997531,7.89966397,4.732510288
1984-01-01,0.424804205,0.220155121,0.424804205,-0.051294626,8.578045115,5.020491803
1984-02-01,0.39718024,0.223698194,0.39718024,-0.034896633,8.578045115,4.897959184
1984-03-01,0.315998214,0.220178111,-0.018319455,-0.05320725,8.578045115,5.091649695
1984-04-01,0.307010643,0.206797407,0.307010643,-0.071612806,7.996531921,5.172413793
1984-05-01,0.225668093,0.182540691,-0.025209503,-0.085889081,7.996531921,5.257836198
1984-06-01,0.09969762,0.189809484,-0.093692482,-0.139652606,7.996531921,5.342741935
1984-07-01,0.08391963,0.198507072,-0.081199545,-0.11735524,6.900732226,5.210420842
1984-08-01,0.024160446,0.208681949,-0.110860128,-0.055766937,6.900732226,5.294705295
1984-09-01,0.105790942,0.222197898,-0.022612228,-0.019181211,6.900732226,5.273631841
1984-10-01,0.077438263,0.275514841,-0.029959808,0.060131782,5.575643774,5.148514851
1984-11-01,0.086855352,0.299894251,-0.004491072,0.129975155,5.575643774,4.827586207
1984-12-01,0.068862595,0.323492452,-0.005470283,0.146457648,5.575643774,4.911591356
1985-01-01,0.093669042,0.361543203,0.093669042,0.167902578,4.554822264,4.487804878
1985-02-01,0.133669611,0.338690229,0.133669611,0.215900914,4.554822264,4.766536965
1985-03-01,0.130138545,0.324448015,0.130138545,-0.046833,4.554822264,4.748062016
1985-04-01,0.192747095,0.336558993,0.192747095,-0.016804427,3.683987731,4.532304725
1985-05-01,0.173608162,0.3258997,-0.014514306,0.238982867,3.683987731,4.514889529
1985-06-01,0.225737793,0.317234617,0.225737793,0.352991101,3.683987731,4.401913876
1985-07-01,0.253868171,0.307450126,0.253868171,0.372031558,4.262423409,4.19047619
1985-08-01,0.304636654,0.30417313,0.304636654,-0.011828,4.262423409,4.174573055
1985-09-01,0.311582361,0.303779446,0.311582361,0.368894061,4.262423409,3.969754253
1985-10-01,0.332391396,0.302991276,0.332391396,0.352153088,4.182460059,4.048964218
1985-11-01,0.355999857,0.298377545,0.355999857,0.377998958,4.182460059,4.417293233
1985-12-01,0.420388758,0.286623403,0.420388758,0.413984106,4.182460059,4.307116105
1986-01-01,0.464602858,0.297976178,0.464602858,0.48342124,4.146107166,4.481792717
1986-02-01,0.482059143,0.280340345,0.482059143,0.446805227,4.146107166,4.178272981
1986-03-01,0.571469719,0.333994559,0.571469719,0.587924082,4.146107166,4.070305273
1986-04-01,0.65132099,0.402796186,0.65132099,0.706555282,3.702004546,4.151291513
1986-05-01,0.694131288,0.426415734,0.694131288,0.66588774,3.702004546,3.952205882
1986-06-01,0.598533947,0.401336103,-0.032066486,-0.025084,3.702004546,3.941338222
1986-07-01,0.670406229,0.390619227,0.670406229,0.66242273,3.119178729,4.021937843
1986-08-01,0.58602888,0.403739852,-0.026660122,-0.0201808,3.119178729,4.007285974
1986-09-01,0.655017115,0.396949484,0.655017115,0.625577179,3.119178729,4.181818182
1986-10-01,0.55941603,0.372148116,-0.033383988,-0.0398319,2.907239668,4.07239819
1986-11-01,0.459020683,0.339476146,-0.068706078,-0.034878393,2.907239668,3.780378038
1986-12-01,0.503118735,0.335335466,-0.013369099,-0.005645149,2.907239668,3.770197487
1987-01-01,0.47159368,0.315932193,0.47159368,-0.008955058,2.711584824,3.574620197
1987-02-01,0.493961743,0.280039465,0.493961743,0.379175546,2.711584824,3.565062389
1987-03-01,0.499481364,0.254592603,0.499481364,0.33808668,2.711584824,3.644444444
1987-04-01,0.524375666,0.222588917,0.524375666,-0.0157989,3.353600673,3.897254207
1987-05-01,0.515066386,0.174264531,0.515066386,-0.063020869,3.353600673,4.067197171
1987-06-01,0.465003322,0.123712847,0.465003322,-0.077090735,3.353600673,3.968253968
1987-07-01,0.456908909,0.071244219,0.456908909,-0.063760972,3.261985972,3.9543058
1987-08-01,0.471604354,0.018267484,0.471604354,-0.074187959,3.261985972,3.940455342
1987-09-01,0.507361936,-0.017593489,0.507361936,-0.088636275,3.261985972,4.013961606
1987-10-01,0.49349787,-0.055899556,0.49349787,-0.122496991,4.474555651,4.173913043
1987-11-01,0.180905477,-0.015657848,-0.193905195,-0.07124985,4.474555651,4.163052905
1987-12-01,0.116321585,-0.003167267,-0.223894702,-0.066857048,4.474555651,4.152249135
1988-01-01,0.14424135,0.011888191,-0.189225472,-0.051885516,4.241257897,4.314063848
1988-02-01,0.130577049,0.041639308,-0.17665549,-0.007792693,4.241257897,4.30292599
1988-03-01,0.193241165,0.052689478,-0.109355618,0.03473616,4.241257897,4.373927959
1988-04-01,0.202803373,0.060110167,-0.078032438,-0.0224419,4.484493226,4.262574595
1988-05-01,0.174134607,0.05384175,-0.078315918,-0.033632301,4.484493226,4.24808836
1988-06-01,0.124738537,0.077547103,-0.089463458,-0.049015715,4.484493226,4.49533503
1988-07-01,0.107342061,0.078088688,-0.068632005,-0.010109141,4.193200105,4.480135249
1988-08-01,0.113883351,0.081736637,-0.030733863,-0.028925976,4.193200105,4.465037911
1988-09-01,0.026999993,0.098140316,-0.097582635,-0.025004877,4.193200105,4.61409396
1988-10-01,0.074423314,0.121263743,-0.054539718,0.086271732,3.799338837,4.507512521
1988-11-01,0.122922219,0.129332332,-0.010708749,0.119060234,3.799338837,4.579517069
1988-12-01,0.154815762,0.116228727,0.154815762,-0.0188129,3.799338837,4.651162791
1989-01-01,0.150374376,0.108852337,-0.001773102,-0.006157745,4.31516321,4.631927213
1989-02-01,0.187733027,0.080774594,0.187733027,0.118919231,4.31516321,4.702970297
1989-03-01,0.20903021,0.053054182,0.20903021,-0.017069,4.31516321,4.683648316
1989-04-01,0.23907903,0.051294964,0.23907903,-0.008650196,3.747910826,4.497138185
1989-05-01,0.331720015,0.034810841,0.331720015,0.120781846,3.747910826,4.56397718
1989-06-01,0.339730558,0.034340365,0.339730558,0.144000439,3.747910826,4.545454545
1989-07-01,0.321643497,0.032160822,-0.002655454,0.207250909,3.907541907,4.530744337
1989-08-01,0.383980066,0.033043878,0.383980066,0.221703468,3.907541907,4.435483871
1989-09-01,0.370984259,0.014584449,0.370984259,-0.0290111,3.907541907,4.170008019
1989-10-01,0.445634876,-0.001104491,0.445634876,-0.027586659,2.74321193,4.313099042
1989-11-01,0.350891836,-0.025575021,-0.053334409,0.215010234,2.74321193,4.378980892
1989-12-01,0.358265655,-0.027177785,-0.035162863,0.215992869,2.74321193,4.444444444
1990-01-01,0.396742611,-0.040494668,0.396742611,-0.0005091,2.821006526,4.42687747
1990-02-01,0.320760951,-0.076097075,-0.03650083,-0.037157533,2.821006526,4.570527975
1990-03-01,0.266466105,-0.080322288,-0.053949739,-0.04026944,2.821006526,4.788069074
1990-04-01,0.20703214,-0.058450472,-0.080310755,-0.042719536,2.412704964,4.851330203
1990-05-01,0.185635299,-0.04524428,-0.073378303,-0.069881412,2.412704964,4.754481684
1990-06-01,0.255012589,-0.030320085,0.255012589,-0.028098717,2.412704964,4.891304348
1990-07-01,0.238547252,-0.008699174,0.238547252,-0.005898354,1.72736225,5.108359133
1990-08-01,0.228579848,-0.037899881,0.228579848,0.105094072,1.72736225,5.482625483
1990-09-01,0.054053322,-0.044515635,-0.121917525,-0.042461,1.72736225,5.542725173
1990-10-01,-0.065611064,-0.030510139,-0.20466783,-0.031445567,0.603062734,5.359877489
1990-11-01,-0.0275882,-0.013652002,-0.152142653,-0.010581064,0.603062734,5.263157895
1990-12-01,-0.076349036,0.011968414,-0.180227044,0.08001213,0.603062734,5.319148936
1991-01-01,-0.040277943,0.027855363,-0.139855954,0.093054026,-0.950197395,5.601816805
1991-02-01,-0.006723827,0.083495979,-0.103849003,0.099195047,-0.950197395,5.65184627
1991-03-01,0.099152863,0.104760722,-0.000787617,0.108367526,-0.950197395,5.243445693
1991-04-01,0.078012362,0.146305447,-0.010067112,0.112525753,-0.538930796,5.149253731
1991-05-01,0.086131903,0.171567477,0.086131903,0.122073028,-0.538930796,5.133928571
1991-06-01,0.109708482,0.175938439,0.109708482,-0.0014362,-0.538930796,4.959289415
1991-07-01,0.062762343,0.166947955,-0.044646019,-0.009263742,-0.10280887,4.786450663
1991-08-01,0.119921817,0.178872425,-0.006556943,0.130702232,-0.10280887,4.612005857
1991-09-01,0.137852825,0.208316633,-0.002870819,0.171235691,-0.10280887,4.595185996
1991-10-01,0.169632191,0.223040873,0.169632191,0.196739208,1.166401166,4.433139535
1991-11-01,0.19501681,0.214297126,0.19501681,-0.0007519,1.166401166,4.492753623
1991-12-01,0.150963219,0.21159951,-0.035333634,-0.00055305,1.166401166,4.401154401
1992-01-01,0.228418681,0.24000983,0.228418681,0.226642112,2.858936912,4.014336918
1992-02-01,0.271499486,0.239672827,0.271499486,-0.032116,2.858936912,3.708987161
1992-03-01,0.262196632,0.227249917,-0.004107201,-0.025925414,2.858936912,3.84341637
1992-04-01,0.21633957,0.210222105,-0.036609757,-0.036657963,3.169835815,3.832505323
1992-05-01,0.223055099,0.204487193,-0.019556706,-0.037371799,3.169835815,3.892427459
1992-06-01,0.220623482,0.1646676,0.220623482,-0.011386517,3.169835815,3.737658674
1992-07-01,0.135327984,0.12968018,-0.051807331,-0.000341727,3.665385441,3.72452565
1992-08-01,0.121305882,0.110954581,-0.041333596,0.180092612,3.665385441,3.498950315
1992-09-01,0.111352876,0.109740573,-0.030089623,0.176496622,3.665385441,3.277545328
1992-10-01,0.081971761,0.081786723,-0.04339332,0.181820508,4.382645389,3.549060543
1992-11-01,0.080452157,0.110843601,-0.034312766,-0.0188819,4.382645389,3.46740638
1992-12-01,0.084021178,0.09872053,-0.01587276,-0.014014671,4.382645389,3.386316517
1993-01-01,0.098571731,0.119521256,0.098571731,0.15343225,3.319905807,3.44589938
1993-02-01,0.094830678,0.149085727,0.094830678,0.175444734,3.319905807,3.576341128
1993-03-01,0.107827294,0.172312106,0.107827294,0.201285238,3.319905807,3.358464702
1993-04-01,0.150266955,0.166529733,0.150266955,0.190451027,2.806668207,3.485987697
1993-05-01,0.175509126,0.18041884,0.175509126,0.188947422,2.806668207,3.40599455
1993-06-01,0.174507827,0.214952093,0.174507827,0.181498361,2.806668207,3.399048266
1993-07-01,0.160471205,0.264142994,-0.006989496,0.217472658,2.286511741,3.184281843
1993-08-01,0.192352055,0.332690079,0.192352055,0.219550719,2.286511741,3.313049358
1993-09-01,0.246243571,0.378746412,0.246243571,0.263018944,2.286511741,3.241053342
1993-10-01,0.249295343,0.419691981,0.249295343,0.257305548,2.60771076,3.091397849
1993-11-01,0.297170571,0.416397741,0.297170571,0.252673171,2.60771076,3.150134048
1993-12-01,0.261776845,0.440644675,-0.02188791,-0.0247921,2.60771076,3.14171123
1994-01-01,0.367104373,0.509308162,0.367104373,-0.020674772,3.430706936,2.931379081
1994-02-01,0.375437478,0.46590175,0.375437478,0.198790874,3.430706936,2.788844622
1994-03-01,0.332038386,0.37798516,-0.014515896,-0.0399159,3.430706936,2.984084881
1994-04-01,0.223434323,0.341651777,-0.079694992,-0.076618091,4.22561069,2.708058124
1994-05-01,0.230442158,0.277740572,-0.060888464,-0.088504879,4.22561069,2.700922266
1994-06-01,0.217321684,0.167631011,-0.052870529,-0.092786992,4.22561069,2.827087442
1994-07-01,0.184864125,0.136965052,-0.056765722,-0.100140044,4.337048255,2.8890348
1994-08-01,0.196641415,0.073541873,-0.027313051,-0.073701168,4.337048255,2.814136126
1994-09-01,0.223443403,0.001696119,0.223443403,-0.07989255,4.337048255,3.008502289
1994-10-01,0.180169363,-0.024681196,-0.016668826,-0.107495681,4.116167021,2.868318123
1994-11-01,0.158624431,-0.045627656,-0.009090991,-0.110673175,4.116167021,2.794022092
1994-12-01,0.089129285,-0.068751382,-0.047007471,-0.10514423,4.116167021,2.59235256
1995-01-01,0.052092013,-0.101656319,-0.062439283,-0.090681571,3.481405627,2.912621359
1995-02-01,0.015699646,-0.098094386,-0.085365384,-0.066868249,3.481405627,2.971576227
1995-03-01,0.03768357,-0.123810332,-0.053351256,-0.041371451,3.481405627,2.962009015
1995-04-01,0.082807309,-0.10341214,-0.001606927,-0.0344282,2.402375101,3.151125402
1995-05-01,0.107064474,-0.049819518,0.107064474,-0.018450787,2.402375101,3.078896729
1995-06-01,0.129063307,-0.033419769,0.129063307,0.11334747,2.402375101,3.00511509
1995-07-01,0.128497465,-0.011668966,0.128497465,0.135326646,2.673325816,2.999361838
1995-08-01,0.177477029,0.034200565,0.177477029,-0.0139769,2.673325816,2.991725016
1995-09-01,0.148486775,0.073792784,-0.022304099,0.163547896,2.673325816,2.984126984
1995-10-01,0.176039069,0.086819341,-0.002018548,0.19828141,2.19979163,3.105196451
1995-11-01,0.166937405,0.147401244,-0.013007359,0.240715181,2.19979163,3.034134008
1995-12-01,0.192324598,0.211013455,0.192324598,0.268009582,2.19979163,3.032217309
1996-01-01,0.237146801,0.282307943,0.237146801,0.295505019,2.601309847,2.955974843
1996-02-01,0.279419226,0.263340129,0.279419226,-0.000528,2.601309847,2.885821832
1996-03-01,0.256639589,0.245066515,-0.007637766,-0.049774984,2.601309847,2.814258912
1996-04-01,0.265640875,0.272512689,0.265640875,-0.068545824,4.002379484,2.618453865
1996-05-01,0.295319482,0.284797371,0.295319482,-0.085120026,4.002379484,2.675793404
1996-06-01,0.281665853,0.269998053,0.281665853,-0.089310177,4.002379484,2.669149597
1996-07-01,0.279041839,0.274811038,0.279041839,-0.069866038,4.050134887,2.664188352
1996-08-01,0.184295999,0.275626059,-0.058625856,-0.070335849,4.050134887,2.595797281
1996-09-01,0.190031011,0.283237409,-0.038259703,-0.082361984,4.050134887,2.651048089
1996-10-01,0.206267412,0.326061356,-0.004622625,-0.056763554,4.421452443,2.519975415
1996-11-01,0.183927051,0.332693835,-0.001685495,-0.02016598,4.421452443,2.576687117
1996-12-01,0.226550348,0.326947941,0.226550348,0.091119999,4.421452443,2.636419375
1997-01-01,0.208543784,0.324022936,0.208543784,-0.02385,4.314068944,2.504581552
1997-02-01,0.233871544,0.331969073,0.233871544,-0.030239878,4.314068944,2.5
1997-03-01,0.225973676,0.277345265,0.225973676,-0.031284407,4.314068944,2.433090024
1997-04-01,0.177702151,0.253933184,-0.026323333,-0.053511586,4.311271716,2.612393682
1997-05-01,0.149691097,0.269071447,-0.033842934,-0.031273746,4.311271716,2.545454545
1997-06-01,0.236110064,0.265187205,0.236110064,-0.021776354,4.311271716,2.418379686
1997-07-01,0.27721831,0.286688417,0.27721831,-0.004358201,4.674702492,2.414001207
1997-08-01,0.301379375,0.254023525,0.301379375,0.125330391,4.674702492,2.289156627
1997-09-01,0.204883689,0.277107006,-0.065818045,-0.025748,4.674702492,2.222222222
1997-10-01,0.269605576,0.244517109,-0.004831073,-8.32796E-05,4.483552816,2.278177458
1997-11-01,0.162679298,0.243851372,-0.077843706,0.155290341,4.483552816,2.153110048
1997-12-01,0.144373943,0.239616417,-0.079613769,0.163880556,4.483552816,2.270011947
1998-01-01,0.157580679,0.256388553,-0.05757886,0.17512385,4.855526883,2.264600715
1998-02-01,0.171196303,0.254910123,-0.038007789,0.19177903,4.855526883,2.260559191
1998-03-01,0.249462203,0.253636508,0.249462203,-0.007544,4.855526883,2.256532067
1998-04-01,0.273936886,0.237958885,0.273936886,-0.006137789,4.092790086,2.131438721
1998-05-01,0.246812283,0.211820258,0.246812283,-0.002113641,4.092790086,2.186761229
1998-06-01,0.169078486,0.221535068,-0.039966297,0.172448597,4.092790086,2.243211334
1998-07-01,0.13510159,0.222425186,-0.053309911,0.193552611,4.103452728,2.239245728
1998-08-01,0.152558768,0.245547698,-0.022376904,-0.005142,4.103452728,2.473498233
1998-09-01,-0.074976239,0.280845699,-0.208667293,0.22582179,4.103452728,2.350176263
1998-10-01,-0.0635363,0.273618,-0.19499435,0.250633005,4.883126569,2.227432591
1998-11-01,0.059476855,0.258083141,-0.0837128,-0.016948,4.883126569,2.341920375
1998-12-01,0.106170645,0.280933137,-0.0331509,-0.008249071,4.883126569,2.453271028
1999-01-01,0.123796324,0.281447622,0.123796324,-0.00984579,4.816336793,2.331002331
1999-02-01,0.115487583,0.243022637,0.115487583,-0.000118515,4.816336793,2.152414194
1999-03-01,0.100073954,0.202881512,-0.002748466,-0.047669779,4.816336793,2.032520325
1999-04-01,0.156543643,0.207482241,0.156543643,-0.050941033,4.721885912,2.202898551
1999-05-01,0.24329717,0.173159575,0.24329717,-0.049126433,4.721885912,2.082128398
1999-06-01,0.185536501,0.115889644,-0.040775838,-0.064655244,4.721885912,1.963048499
1999-07-01,0.273229956,0.058946838,0.273229956,-0.074963585,4.791118247,2.074927954
1999-08-01,0.268467983,0.02086199,-0.008924052,-0.080323338,4.791118247,1.896551724
1999-09-01,0.247151584,-0.009779893,-0.02105465,-0.084816787,4.791118247,2.066590126
1999-10-01,0.211199325,-0.047928628,-0.041547159,-0.076526142,4.823574271,2.121559633
1999-11-01,0.241345477,-0.029923774,-0.013197462,-0.075412525,4.823574271,2.059496568
1999-12-01,0.305423313,-0.053232064,0.305423313,-0.080873138,4.823574271,1.881413911
2000-01-01,0.421517999,-0.10173898,0.421517999,-0.095590198,4.224744861,2.107061503
2000-02-01,0.335363426,-0.105909097,-0.050452766,-0.084245281,4.224744861,2.164009112
2000-03-01,0.297875133,-0.093592149,-0.057213425,-0.057167421,4.224744861,2.447353443
2000-04-01,0.349527423,-0.085581079,-0.006886373,-0.027606792,5.244456811,2.268859898
2000-05-01,0.245092457,-0.089144527,-0.047654807,-0.03404491,5.244456811,2.379603399
2000-06-01,0.17159173,-0.062814857,-0.072044226,-0.038454495,5.244456811,2.54813137
2000-07-01,0.192266849,-0.063198457,-0.034505885,-0.016363948,3.973172353,2.48447205
2000-08-01,0.131213131,-0.040896409,-0.070205635,-0.001744264,3.973172353,2.594472645
2000-09-01,0.157318357,-0.032820266,-0.034734838,0.08456419,3.973172353,2.530933633
2000-10-01,0.096956046,-0.011958691,-0.067400554,-0.0085279,2.90559431,2.52667041
2000-11-01,0.034810513,0.014295554,-0.094830005,0.107339458,2.90559431,2.634529148
2000-12-01,-0.034754704,0.064837429,-0.140868633,0.144587961,2.90559431,2.574146614
2001-01-01,-0.021734926,0.087902774,-0.121508872,0.173694831,2.197505186,2.565532627
2001-02-01,-0.002549216,0.097433602,-0.087824935,0.17231435,2.197505186,2.787068004
2001-03-01,-0.084529768,0.115987689,-0.1564796,0.188174067,2.197505186,2.611111111
2001-04-01,-0.166322422,0.098863041,-0.227467332,-0.0060379,0.996298327,2.662229617
2001-05-01,-0.12325922,0.081737026,-0.178729296,-0.031520106,0.996298327,2.545655783
2001-06-01,-0.120772437,0.087184839,-0.169088802,-0.029533754,0.996298327,2.705687465
2001-07-01,-0.14357631,0.08543678,-0.182624998,-0.022156367,0.489236293,2.699724518
2001-08-01,-0.164812012,0.109964999,-0.20165203,0.157692152,0.489236293,2.638812534
2001-09-01,-0.164749125,0.107755485,-0.209512601,0.166443282,0.489236293,2.63302249
2001-10-01,-0.277174771,0.127603293,-0.322448523,0.160010072,0.167318294,2.628696605
2001-11-01,-0.245221447,0.140023774,-0.29734946,0.202481873,0.167318294,2.730748225
2001-12-01,-0.180557059,0.09786848,-0.243783506,-0.0506699,0.167318294,2.782324059
2002-01-01,-0.142313922,0.082650986,-0.217824878,-0.067923025,1.337258657,2.610114192
2002-02-01,-0.126705767,0.074509558,-0.21716388,-0.05673167,1.337258657,2.548806941
2002-03-01,-0.125941464,0.043000235,-0.229084715,-0.045019107,1.337258657,2.436383324
2002-04-01,-0.077184216,0.043104212,-0.195206159,-0.081846895,1.325378753,2.485143166
2002-05-01,-0.065241439,0.040148056,-0.198614943,-0.047554795,1.325378753,2.536427415
2002-06-01,-0.069004985,0.052146581,-0.214340243,-0.043838449,1.325378753,2.258064516
2002-07-01,-0.115172759,0.064979768,-0.263448312,-0.027038595,2.146516983,2.199570815
2002-08-01,-0.169463753,0.097531173,-0.323722322,0.101940932,2.146516983,2.356722014
2002-09-01,-0.149888759,0.118646391,-0.32273147,0.135801596,2.146516983,2.244788883
2002-10-01,-0.225862181,0.104955227,-0.395331489,0.174612246,1.992524822,2.187833511
2002-11-01,-0.178608801,0.109530212,-0.363461365,-0.028372,1.992524822,2.02020202
2002-12-01,-0.117424895,0.132344546,-0.315137426,-0.037846247,1.992524822,1.963906582
2003-01-01,-0.149158711,0.150155794,-0.344046749,0.159931895,1.679257012,1.960784314
2003-02-01,-0.168590825,0.178605343,-0.361199293,-0.005758,1.679257012,1.797990481
2003-03-01,-0.183164111,0.169977386,-0.373702575,0.177259577,1.679257012,1.744186047
2003-04-01,-0.189507526,0.157117436,-0.379594669,-0.0136513,1.955065152,1.47601476
2003-05-01,-0.087940473,0.197819944,-0.306767688,-0.003299472,1.955065152,1.526315789
2003-06-01,-0.033010157,0.222446625,-0.265139784,0.232935159,1.955065152,1.472134595
2003-07-01,-0.005639451,0.172671161,-0.246863408,-0.018037,3.231135388,1.522309711
2003-08-01,0.039104043,0.148472261,-0.228721741,-0.116027972,3.231135388,1.308215594
2003-09-01,0.091000071,0.138524736,-0.206090693,-0.104484181,3.231135388,1.254573968
2003-10-01,0.128439896,0.119619704,-0.189901851,-0.051279079,4.300440651,1.305483029
2003-11-01,0.212754389,0.089872298,-0.143315209,-0.080022097,4.300440651,1.094319958
2003-12-01,0.247469854,0.084497631,-0.139499488,-0.076880924,4.300440651,1.093180635
2004-01-01,0.378614984,0.082278385,-0.073173861,-0.064454265,4.341952086,1.143451143
2004-02-01,0.428658453,0.080049478,-0.063139457,-0.047046097,4.341952086,1.246753247
2004-03-01,0.480399067,0.083250408,-0.035622902,-0.025292542,4.341952086,1.558441558
2004-04-01,0.46442906,0.0798102,-0.037447255,-0.011537373,4.227491217,1.766233766
2004-05-01,0.384758989,0.054258961,-0.079307598,-0.073158825,4.227491217,1.710730949
2004-06-01,0.365328445,0.04178159,-0.069478789,-0.075555266,4.227491217,1.865284974
2004-07-01,0.375686987,0.039319373,-0.040769785,-0.0657837,3.494860356,1.758014478
2004-08-01,0.31431412,0.048036143,-0.067103577,-0.051482623,3.494860356,1.704545455
2004-09-01,0.289896033,0.06714389,-0.058543184,-0.011975641,3.494860356,1.961796593
2004-10-01,0.28982073,0.079237294,-0.030002845,-0.002598994,3.351104944,2.010309278
2004-11-01,0.266054162,0.091551784,-0.009827699,0.084406345,3.351104944,2.216494845
2004-12-01,0.295494315,0.106920388,0.295494315,-0.0239322,3.351104944,2.265705458
2005-01-01,0.305492072,0.122288862,0.305492072,0.080079959,3.908843257,2.261048304
2005-02-01,0.252164965,0.142328119,-0.014875651,0.119996273,3.908843257,2.308876347
2005-03-01,0.2747411,0.129125659,0.2747411,-0.0147156,3.908843257,2.352941176
2005-04-01,0.194977474,0.131197293,-0.045616203,-0.019194013,3.61773558,2.194997448
2005-05-01,0.152154056,0.153484222,-0.062845112,0.13803299,3.61773558,2.191641182
2005-06-01,0.164360574,0.160468646,-0.040175844,0.173765592,3.61773558,2.034587996
2005-07-01,0.180905266,0.17064734,-0.017617224,0.190529947,3.448598847,2.083333333
2005-08-01,0.220867976,0.157469425,0.220867976,-0.0337668,3.448598847,2.133062468
2005-09-01,0.220710296,0.162624822,0.220710296,-0.000162079,3.448598847,1.924050633
2005-10-01,0.242753973,0.155030503,0.242753973,-0.036265026,2.972736694,2.071753411
2005-11-01,0.178086138,0.124539241,-0.038903783,-0.057832451,2.972736694,2.118003026
2005-12-01,0.218947619,0.113879274,0.218947619,-0.051324052,2.972736694,2.114803625
2006-01-01,0.235309953,0.122336569,0.235309953,-0.023019357,3.213106796,2.110552764
2006-02-01,0.281656721,0.092418187,0.281656721,-0.036095656,3.213106796,2.106318957
2006-03-01,0.25840171,0.080611184,-0.009258592,-0.025404319,3.213106796,2.098950525
2006-04-01,0.270422879,0.045597841,0.270422879,-0.06992268,2.972903856,2.297702298
2006-05-01,0.298115669,0.014555179,0.298115669,-0.095523244,2.972903856,2.443890274
2006-06-01,0.18333156,0.012382939,-0.072699012,-0.097222575,2.972903856,2.642073779
2006-07-01,0.177135075,-0.006980726,-0.06298783,-0.086601308,2.325277937,2.68790443
2006-08-01,0.176469872,-0.000817718,-0.05138937,-0.066838283,2.325277937,2.834410741
2006-09-01,0.199995352,0.009425804,-0.027891568,-0.038319462,2.325277937,2.930948833
2006-10-01,0.203907636,0.02140815,-0.014004048,-0.019904818,2.634560376,2.772277228
2006-11-01,0.248818858,0.008236612,0.248818858,-0.011618015,2.634560376,2.617283951
2006-12-01,0.266427767,0.013195982,0.266427767,0.043580947,2.634560376,2.613412229
2007-01-01,0.269291026,-0.007218071,0.269291026,-0.026941,1.57672497,2.657480315
2007-02-01,0.255532132,-0.015031141,0.255532132,-0.036624299,1.57672497,2.718565815
2007-03-01,0.21484781,0.004069514,-0.010429864,-0.003971451,1.57672497,2.505139501
2007-04-01,0.235661995,0.000598956,0.235661995,-0.020904633,1.93437472,2.415527344
2007-05-01,0.276536339,-0.004471964,0.276536339,-0.012049891,1.93437472,2.267770204
2007-06-01,0.31799163,-0.011118977,0.31799163,-0.034911451,1.93437472,2.181641574
2007-07-01,0.290894124,-0.022764171,-0.005997532,-0.044672067,2.368036077,2.168201648
2007-08-01,0.252237543,-0.009340797,-0.024253824,-0.012984795,2.368036077,2.088491296
2007-09-01,0.21919822,0.00016406,-0.036985015,0.074731519,2.368036077,2.101351351
2007-10-01,0.284404268,-0.003750485,0.284404268,0.07182147,2.133364682,2.15655106
2007-11-01,0.326984053,0.014413995,0.326984053,0.090191701,2.133364682,2.338787295
2007-12-01,0.215697708,0.019463504,-0.070704106,0.143169843,2.133364682,2.435367612
2008-01-01,0.197498581,0.003992273,-0.075987022,-0.0063518,1.392471206,2.478906999
2008-02-01,0.087104993,0.028484807,-0.144869639,0.137107296,1.392471206,2.297080833
2008-03-01,0.065419719,0.027420085,-0.142751949,-0.0045737,1.392471206,2.388524387
2008-04-01,0.019200357,0.023846154,-0.158722919,0.141101153,1.376010766,2.294669292
2008-05-01,0.052907453,0.017892201,-0.111443344,-0.0247945,1.376010766,2.322215769
2008-06-01,0.041181041,0.003199505,-0.104959532,-0.051010852,1.376010766,2.391725921
2008-07-01,-0.064755113,-0.005540095,-0.185817308,-0.025841952,0.265967272,2.463313612
2008-08-01,-0.089653922,0.013766344,-0.194662679,-0.029412241,0.265967272,2.498117176
2008-09-01,-0.128897579,0.038726616,-0.214657316,-0.002832986,0.265967272,2.438620872
2008-10-01,-0.223920473,0.033605985,-0.293344788,0.128610966,-2.541153688,2.221362996
2008-11-01,-0.402012495,0.038931917,-0.449919375,-0.0186438,-2.541153688,2.015893915
2008-12-01,-0.433157882,0.08867118,-0.478467383,0.242302271,-2.541153688,1.762459656
2009-01-01,-0.399236089,0.093488934,-0.449269321,0.397638806,-3.234227293,1.672350319
2009-02-01,-0.461216855,0.061134663,-0.510746549,-0.1307084,-3.234227293,1.800980653
2009-03-01,-0.508558702,0.057390271,-0.55538842,-0.144067847,-3.234227293,1.787613096
2009-04-01,-0.453926759,0.075376373,-0.506519198,-0.109465934,-3.978837405,1.932326622
2009-05-01,-0.37485743,0.090420345,-0.440018886,-0.171397502,-3.978837405,1.846130941
2009-06-01,-0.295516099,0.066018645,-0.379343942,-0.201996881,-3.978837405,1.711972668
2009-07-01,-0.300240442,0.08203092,-0.398526977,-0.195924157,-3.132815701,1.527099298
2009-08-01,-0.20421828,0.111148606,-0.333709194,-0.191286891,-3.132815701,1.433965054
2009-09-01,-0.14779735,0.126195463,-0.318335786,-0.173203257,-3.132815701,1.479837389
2009-10-01,-0.055584861,0.127201238,-0.276081863,-0.152872987,0.105572523,1.712733177
2009-11-01,-0.051111671,0.118039793,-0.301738126,-0.175068985,0.105572523,1.714243571
2009-12-01,0.046134238,0.120811039,-0.267003826,-0.165051435,0.105572523,1.823671776
2010-01-01,0.148723557,0.103729104,-0.246119457,-0.218024914,1.745265845,1.512335171
2010-02-01,0.16497569,0.095489545,-0.282234285,-0.196972424,1.745265845,1.349452689
2010-03-01,0.242315533,0.097974202,-0.266163459,-0.199696454,1.745265845,1.159205143
2010-04-01,0.388096368,0.103249434,-0.205686169,-0.216160379,2.913595029,0.967508893
2010-05-01,0.432838454,0.073067561,-0.206428847,-0.190115426,2.913595029,0.940138143
2010-06-01,0.312911094,0.087179974,-0.278149565,-0.148739395,2.913595029,0.950198985
2010-07-01,0.260145721,0.053537479,-0.290578997,-0.099406545,3.344209254,0.95775393
2010-08-01,0.313493442,0.068457795,-0.233962761,-0.107933724,3.344209254,0.917100995
2010-09-01,0.219018422,0.091409615,-0.271076834,-0.033036553,3.344209254,0.81438705
2010-10-01,0.290431517,0.069311638,-0.196921395,-0.057348625,2.775960909,0.602718355
2010-11-01,0.267809348,0.05385775,-0.171790517,-0.099461952,2.775960909,0.672056411
2010-12-01,0.200445969,-0.00963184,-0.188872145,-0.114662494,2.775960909,0.661894866
2011-01-01,0.279161971,-0.013782196,-0.113445701,-0.14728665,2.0377972,0.983533742
2011-02-01,0.258286815,-0.018793821,-0.106062607,-0.173560198,2.0377972,1.124445592
2011-03-01,0.25494186,-0.025147885,-0.084331799,-0.159908239,2.0377972,1.209785174
2011-04-01,0.266204288,-0.032284321,-0.069079185,-0.159669569,1.743708865,1.315539213
2011-05-01,0.307735066,-0.038160035,-0.034915661,-0.140030626,1.743708865,1.454096179
2011-06-01,0.263406007,-0.027529707,-0.062308336,-0.1106017,1.743708865,1.583677677
2011-07-01,0.246541639,-0.039491176,-0.071002902,-0.131305114,0.942653465,1.741483446
2011-08-01,0.207488534,-0.054038222,-0.091645229,-0.092950584,0.942653465,1.965157172
2011-09-01,0.096289719,-0.030739589,-0.167147914,-0.005294508,0.942653465,1.987722756
2011-10-01,-0.029411756,-0.029546668,-0.253581796,0.289294101,1.543075872,2.10792048
2011-11-01,0.074500308,-0.062525235,-0.157260053,-0.0383578,1.543075872,2.138204538
2011-12-01,0.037465379,-0.106922969,-0.175971271,-0.019311803,1.543075872,2.276662634
2012-01-01,0.013891918,-0.062042663,-0.182315667,0.289460757,2.638069311,2.277348151
2012-02-01,0.072440194,-0.028836297,-0.112676061,-0.0032989,2.638069311,2.159820441
2012-03-01,0.082039297,0.008407746,-0.077070103,-0.029156715,2.638069311,2.248337465
2012-04-01,0.057228199,0.018009791,-0.080085041,-0.070261443,2.403335839,2.314427852
2012-05-01,0.025376546,0.017667738,-0.087284677,-0.025329038,2.403335839,2.25225828
2012-06-01,-0.080391861,0.045449016,-0.171750707,0.399972907,2.403335839,2.192285611
2012-07-01,-0.017595931,0.035725466,-0.114737173,-0.0168293,2.573712314,2.109955687
2012-08-01,-0.010771335,0.064365117,-0.114988665,0.375794087,2.573712314,1.935252499
2012-09-01,0.020131221,0.070142854,-0.091811397,-0.0131782,2.573712314,2.008243483
2012-10-01,0.068685501,0.112523497,-0.056056189,-0.038170252,1.551852007,1.994649148
2012-11-01,0.071407617,0.132049221,-0.064149876,-0.042833395,1.551852007,1.952851269
2012-12-01,0.083634561,0.16570819,-0.058194227,-0.029604108,1.551852007,1.899694378
2013-01-01,0.130123318,0.165864737,-0.022554006,-0.053753768,1.700868486,1.909802218
2013-02-01,0.160689678,0.164296841,0.160689678,-0.083895117,1.700868486,1.988738521
2013-03-01,0.160316862,0.155120056,-0.002206973,-0.072520301,1.700868486,1.889022138
2013-04-01,0.192786721,0.158988469,0.192786721,-0.076421002,1.519938204,1.715558856
2013-05-01,0.229876481,0.213072728,0.229876481,-0.03316795,1.519938204,1.645551949
2013-06-01,0.197911121,0.184463675,-0.010270806,-0.098554222,1.519938204,1.623095247
2013-07-01,0.159165005,0.142391532,-0.035099942,-0.128054305,2.237022493,1.700221768
2013-08-01,0.207892253,0.134965944,0.207892253,-0.147746501,2.237022493,1.782107691
2013-09-01,0.172338143,0.108817373,-0.016564819,-0.159128517,2.237022493,1.751936842
2013-10-01,0.232193783,0.105280443,0.232193783,-0.1536161,3.00914496,1.686837731
2013-11-01,0.263442042,0.119361373,0.263442042,-0.1415024,3.00914496,1.741667747
2013-12-01,0.260466721,0.109373691,0.260466721,-0.164685183,3.00914496,1.740856619
2014-01-01,0.275783068,0.085715469,0.275783068,-0.180273661,1.650817556,1.607034436
2014-02-01,0.199606835,0.112189123,-0.040536508,-0.128608196,1.650817556,1.55480739
2014-03-01,0.241091712,0.113657596,0.241091712,-0.124068506,1.650817556,1.645660971
2014-04-01,0.234355493,0.119326637,0.234355493,-0.117669301,2.689152159,1.821055525
2014-05-01,0.22722106,0.125756707,0.22722106,-0.099162767,2.689152159,1.945526962
2014-06-01,0.234601055,0.132284134,0.234601055,-0.072615995,2.689152159,1.922862653
2014-07-01,0.246077168,0.152941483,0.246077168,-0.074928612,3.059782928,1.844963229
2014-08-01,0.214042708,0.168985618,-0.008743538,-0.068764584,3.059782928,1.736395603
2014-09-01,0.218202852,0.199803353,0.218202852,-0.024794814,3.059782928,1.740945888
2014-10-01,0.152452988,0.196373728,-0.039590825,-0.045356137,2.685835101,1.81763231
2014-11-01,0.152492105,0.19925868,-0.022716682,-0.018495514,2.685835101,1.741594755
2014-12-01,0.154452428,0.222733296,-0.010162906,0.166380911,2.685835101,1.622419505
2015-01-01,0.116839185,0.242510029,-0.0299205,0.217074404,3.969299499,1.631625565
2015-02-01,0.101788166,0.278876328,-0.028601932,0.339525961,3.969299499,1.688083494
2015-03-01,0.131906014,0.279921746,0.131906014,-0.0613762,3.969299499,1.745377707
2015-04-01,0.09818638,0.284630262,-0.015735073,-0.05108954,3.279087861,1.802827833
2015-05-01,0.126757392,0.241494431,0.126757392,-0.083616008,3.279087861,1.750944095
2015-06-01,0.088768584,0.189223447,-0.02236816,-0.105331743,3.279087861,1.777267624
2015-07-01,0.061179332,0.121506876,-0.036823522,-0.141742504,2.447321366,1.834631289
2015-08-01,0.037721604,0.143659851,-0.052547807,-0.102699169,2.447321366,1.850632327
2015-09-01,-0.029191426,0.106814804,-0.108687041,-0.108906248,2.447321366,1.897096145
2015-10-01,-0.074582312,0.113445143,-0.141207458,-0.091393671,2.119861313,1.913533536
2015-11-01,-0.006926747,0.115561113,-0.074964019,-0.095116141,2.119861313,1.997427524
2015-12-01,-0.020983472,0.100670923,-0.08549251,-0.102958498,2.119861313,2.071507279
2016-01-01,-0.046034825,0.063516999,-0.102821785,-0.105660476,1.795016891,2.145022539
2016-02-01,-0.103239808,0.073780056,-0.153869488,-0.055818309,1.795016891,2.222573822
2016-03-01,-0.118546763,0.071410231,-0.163608399,-0.026675385,1.795016891,2.142426949
2016-04-01,-0.036366111,0.071014463,-0.081844471,-0.027550696,1.493250833,2.156654761
2016-05-01,-0.025450809,0.048862017,-0.070906224,-0.03471862,1.493250833,2.254559597
2016-06-01,-0.046084987,0.059306436,-0.087934532,-0.026923587,1.493250833,2.262211647
2016-07-01,-0.023813962,0.08699584,-0.070993123,0.138723957,1.805761531,2.170139962
2016-08-01,0.028478875,0.099094769,-0.030394432,0.159253324,1.805761531,2.308734561
2016-09-01,0.040665592,0.091550526,-0.019318003,-0.0101145,1.805761531,2.271120683
2016-10-01,0.046864346,0.094244938,-0.015126065,-0.02504821,2.181566303,2.204555151
2016-11-01,0.049578445,0.06264659,-0.02049097,-0.067751683,2.181566303,2.14542194
2016-12-01,0.053587229,0.03580012,-0.028464226,-0.144324229,2.181566303,2.197123661
2017-01-01,0.110698498,0.042766988,0.110698498,-0.148260423,2.087461694,2.250209222
2017-02-01,0.164071478,0.003074997,0.164071478,-0.141325134,2.087461694,2.235346829
2017-03-01,0.183820973,0.011778041,0.183820973,-0.127706722,2.087461694,2.045845482
2017-04-01,0.217750521,-0.000852173,0.217750521,-0.133392853,2.330413794,1.896565011
2017-05-01,0.221889766,-0.004234824,0.221889766,-0.119778195,2.330413794,1.737093191
2017-06-01,0.227988842,-0.005176078,0.227988842,-0.103144731,2.330413794,1.699119334
2017-07-01,0.228176005,-0.019106643,0.228176005,-0.096043431,2.410821412,1.676962744
2017-08-01,0.266332697,-0.023438423,0.266332697,-0.101988121,2.410821412,1.655241262
2017-09-01,0.2541575,-0.018090769,-0.000754638,-0.071391599,2.410821412,1.595389846
2017-10-01,0.255711398,-0.024720114,0.255711398,-0.092948222,2.994143497,1.759639081
2017-11-01,0.267396447,-0.007367961,0.267396447,-0.093294443,2.994143497,1.737607273
2017-12-01,0.267298521,0.002258571,0.267298521,-0.086564512,2.994143497,1.770166453
2018-01-01,0.287161993,-0.009644512,0.287161993,-0.070044392,3.328810095,1.891267113
2018-02-01,0.336540505,-0.012861523,0.336540505,-0.100319655,3.328810095,1.877704205
2018-03-01,0.24869419,-0.004960926,-0.050189872,-0.127656352,3.328810095,2.122784366
2018-04-01,0.220740037,0.026795325,-0.058226435,-0.102722502,3.298962847,2.150644636
2018-05-01,0.207822356,0.027045499,-0.055472913,-0.121462412,3.298962847,2.272998449
2018-06-01,0.168117605,0.008644277,-0.070769111,-0.103845713,3.298962847,2.245517307
2018-07-01,0.145694952,0.021450608,-0.072771513,-0.098047415,3.130030641,2.267595293
2018-08-01,0.173968879,0.016442886,-0.031457048,-0.111005768,3.130030641,2.120894133
2018-09-01,0.143472352,0.004416508,-0.038834451,-0.099325184,3.130030641,2.19768049
2018-10-01,0.146737946,-0.000105992,-0.020408298,-0.125111864,2.125110751,2.126409126
2018-11-01,0.0355394,-0.006441688,-0.099493762,-0.150736988,2.125110751,2.215384373
2018-12-01,0.035786341,0.000479662,-0.079818261,-0.135560743,2.125110751,2.248529551
2019-01-01,-0.039293324,0.011783633,-0.133885584,-0.084988453,1.851285045,2.148085453
2019-02-01,0.012801206,0.023457108,-0.0758597,-0.081524677,1.851285045,2.094552053
2019-03-01,0.017080628,0.014954471,-0.061099562,-0.094153896,1.851285045,2.054855992
2019-04-01,0.023026777,0.042083407,-0.049600187,-0.04366448,2.154053334,2.083154736
2019-05-01,0.050925252,0.042266093,-0.017649494,-0.062677004,2.154053334,2.006261059
2019-06-01,-0.023965788,0.055632507,-0.079271637,0.114542577,2.154053334,2.121220362
2019-07-01,0.032402217,0.093505691,-0.020498951,0.125872706,2.670264785,2.178510588
2019-08-01,0.014141016,0.123608352,-0.031690115,0.133632606,2.670264785,2.359136224
2019-09-01,-0.004121987,0.161637849,-0.053679208,0.270305613,2.670264785,2.344330567
2019-10-01,0.041155378,0.161320489,-0.018965272,-0.0268018,3.18255607,2.326228096
2019-11-01,0.077821132,0.146091516,0.077821132,-0.0376406,3.18255607,2.330027482
2019-12-01,0.091309376,0.129436664,0.091309376,-0.041553169,3.18255607,2.253684684
2020-01-01,0.149831264,0.115051503,0.149831264,-0.072180529,1.226554789,2.278603377
2020-02-01,0.096178331,0.149423652,-0.044495189,-0.000820356,1.226554789,2.380997981
2020-03-01,0.027941762,0.147257687,-0.098684986,0.330620983,1.226554789,2.123217747
2020-04-01,-0.154454319,0.101678211,-0.262387091,0.398043557,-7.528460211,1.448605979
2020-05-01,-0.052520941,0.090400832,-0.171843498,0.398162475,-7.528460211,1.246645114
2020-06-01,-0.003957867,0.082251677,-0.130445393,-0.0176302,-7.528460211,1.176676469
2020-07-01,0.038412997,0.079855587,-0.089013722,-0.014314604,-1.468931477,1.53391591
2020-08-01,0.071066151,0.078967805,-0.054282638,0.34521021,-1.468931477,1.702433943
2020-09-01,0.113165359,0.054372445,-0.002514506,-0.0504605,-1.468931477,1.706722133
2020-10-01,0.079635744,0.064276542,-0.023176449,-0.043128726,-1.08328503,1.621499207
2020-11-01,0.049361107,0.068234201,-0.037613241,-0.075522167,-1.08328503,1.663753748
2020-12-01,0.180299327,0.059903517,0.180299327,-0.060147639,-1.08328503,1.633173388
2021-01-01,0.245784764,0.052962181,0.245784764,-0.071668725,1.572607324,1.409089886
2021-02-01,0.25967855,0.039391347,-0.002218246,-0.105393051,1.572607324,1.288521904
2021-03-01,0.321996152,0.01221845,0.321996152,-0.156681941,1.572607324,1.660863379
2021-04-01,0.360368058,0.01633128,0.360368058,-0.200903516,11.95027221,2.951413059
2021-05-01,0.399016171,0.001890676,0.399016171,-0.180982839,11.95027221,3.795552275
2021-06-01,0.443491957,0.001287142,0.443491957,-0.180966295,11.95027221,4.408314282
2021-07-01,0.425191219,0.008405475,-0.006367221,-0.144771804,4.735316795,4.178012508
2021-08-01,0.412623702,0.029815393,-0.012189928,-0.112986392,4.735316795,3.943844541
2021-09-01,0.465445923,0.015770984,0.465445923,-0.116012972,4.735316795,4.022116622
2021-10-01,0.40696747,-0.004696158,-0.025636937,-0.141712154,5.421091782,4.58779658
2021-11-01,0.410305553,-0.020743084,0.410305553,-0.120564542,5.421091782,4.979233126
2021-12-01,0.315971464,-0.001971576,-0.026591644,-0.096183162,5.421091782,5.522686825
2022-01-01,0.336425544,-0.024205439,0.336425544,-0.114390913,3.565082005,6.068798704
2022-02-01,0.279285846,-0.04121227,-0.009836624,-0.149052856,3.565082005,6.434526294
2022-03-01,0.185264233,-0.068517104,-0.052358288,-0.162945079,3.565082005,6.452420763
2022-04-01,0.154141144,-0.095232443,-0.046972317,-0.20852975,1.870598451,6.138186868
2022-05-01,0.060120089,-0.14622267,-0.101459618,-0.283120598,1.870598451,6.020953804
2022-06-01,0.04075171,-0.169342797,-0.094155127,-0.299252822,1.870598451,5.884916233
2022-07-01,-0.086257386,-0.190420585,-0.180061479,-0.308183214,1.713213136,5.889301384
2022-08-01,-0.062926191,-0.140687319,-0.144967604,-0.291379192,1.713213136,6.300504915
2022-09-01,-0.08292003,-0.198692249,-0.150730145,-0.323671963,1.713213136,6.642955443
2022-10-01,-0.187566397,-0.242311292,-0.238538689,-0.379344446,0.651691659,6.301760018
2022-11-01,-0.158302159,-0.237000261,-0.200237749,-0.416384487,0.651691659,5.97197713
2022-12-01,-0.064798124,-0.206090923,-0.102275289,-0.374663915,0.651691659,5.703856687
2023-01-01,-0.116221735,-0.257043475,-0.149270306,-0.391098685,1.717927302,5.547574549
2023-02-01,-0.058892832,-0.221625993,-0.094108064,-0.344556217,1.717927302,5.525998883
2023-03-01,-0.084420383,-0.234066535,-0.123135667,-0.377949243,1.717927302,5.602568449
2023-04-01,-0.064458432,-0.193224232,-0.10736756,-0.347828612,2.382468159,5.536655074
2023-05-01,-0.033837513,-0.178372377,-0.092923279,-0.345629425,2.382468159,5.328638739
2023-06-01,-0.045387491,-0.161322284,-0.11263156,-0.365313743,2.382468159,4.860943
2023-07-01,0.035006016,-0.142223284,-0.050983746,-0.363941678,1.712570158,4.704925
2023-08-01,0.112192421,-0.12352216,-0.001148872,-0.380115051,1.712570158,4.389848
2023-09-01,0.093314839,-0.097303691,-0.039994968,-0.399565429,0.6,4.4
2023-10-01,0.081534536,-0.117319266,-0.060336438,-0.447280763,0.6,4.1
